timestamp,event_type,user_id,ip_address,file_path,process_name,login_attempts,session_duration,data_transferred,hour_of_day,is_anomaly
2025-10-06 14:34:05.156778,REGISTRY_CHANGE,user_74,192.168.1.101,,apache2,0,0,0,17,0
2025-10-06 14:58:05.156778,NETWORK_CONNECTION,user_34,192.168.1.238,,python,0,0,730529,15,0
2025-10-06 15:54:05.156778,REGISTRY_CHANGE,user_28,192.168.1.149,,firefox,0,0,0,14,0
2025-10-06 16:24:05.156778,LOGIN,user_39,192.168.1.119,,bash,4,3382,0,16,0
2025-10-06 17:42:05.156778,LOGIN,user_69,192.168.1.52,,chrome,5,790,0,8,0
2025-10-06 18:21:05.156778,LOGIN,user_3,192.168.1.66,,firefox,5,2171,0,10,0
2025-10-06 18:40:05.156778,LOGIN,user_100,192.168.1.109,,ssh,5,1030,0,16,0
2025-10-06 18:46:05.156778,FILE_ACCESS,user_60,192.168.1.182,/var/log/,mysql,0,0,0,8,0
2025-10-06 19:33:05.156778,LOGIN,user_23,192.168.1.238,,mysql,4,2850,0,18,0
2025-10-06 20:38:05.156778,PROCESS_START,user_85,192.168.1.248,,firefox,0,0,0,13,0
2025-10-06 21:19:05.156778,FILE_ACCESS,user_26,192.168.1.75,/usr/bin/,apache2,0,0,0,12,0
2025-10-06 22:52:05.156778,NETWORK_CONNECTION,user_37,192.168.1.174,,mysql,0,0,616213,9,0
2025-10-06 23:05:05.156778,FILE_ACCESS,user_1,192.168.1.195,/home/user/documents/,apache2,0,0,0,12,0
2025-10-07 00:08:05.156778,LOGIN,user_34,192.168.1.57,,bash,5,915,0,16,0
2025-10-07 01:20:05.156778,REGISTRY_CHANGE,user_21,192.168.1.130,,ssh,0,0,0,15,0
2025-10-07 01:47:05.156778,FILE_ACCESS,user_41,192.168.1.34,/tmp/,mysql,0,0,0,17,0
2025-10-07 02:00:05.156778,PROCESS_START,user_37,192.168.1.121,,ssh,0,0,0,13,0
2025-10-07 02:11:05.156778,REGISTRY_CHANGE,user_94,192.168.1.105,,mysql,0,0,0,10,0
2025-10-07 02:27:05.156778,REGISTRY_CHANGE,user_18,192.168.1.180,,bash,0,0,0,4,1
2025-10-07 06:47:05.156778,FILE_ACCESS,user_43,192.168.1.173,/usr/bin/,mysql,0,0,0,14,0
2025-10-07 07:03:05.156778,NETWORK_CONNECTION,user_87,192.168.1.31,,ssh,0,0,792782,18,0
2025-10-07 08:11:05.156778,REGISTRY_CHANGE,user_1,192.168.1.161,,mysql,0,0,0,11,0
2025-10-07 08:42:05.156778,NETWORK_CONNECTION,user_75,192.168.1.232,,apache2,0,0,63129,8,0
2025-10-07 09:47:05.156778,REGISTRY_CHANGE,user_70,192.168.1.14,,firefox,0,0,0,13,0
2025-10-07 11:23:05.156778,FILE_ACCESS,user_22,192.168.1.206,/etc/,ssh,0,0,0,15,0
2025-10-07 12:05:05.156778,LOGIN,user_32,192.168.1.237,,python,2,85,0,13,0
2025-10-07 13:14:05.156778,LOGIN,user_69,192.168.1.218,,bash,4,806,0,18,0
2025-10-07 16:43:05.156778,LOGOUT,user_22,192.168.1.164,,chrome,0,483,0,9,0
2025-10-07 16:52:05.156778,LOGIN,user_30,192.168.1.247,,ssh,3,2370,0,17,0
2025-10-07 17:24:05.156778,NETWORK_CONNECTION,user_68,192.168.1.196,,bash,0,0,162916,9,0
2025-10-07 17:44:05.156778,NETWORK_CONNECTION,user_7,192.168.1.102,,ssh,0,0,393224,11,0
2025-10-07 18:04:05.156778,NETWORK_CONNECTION,user_76,192.168.1.145,,apache2,0,0,909059,9,0
2025-10-07 19:25:05.156778,REGISTRY_CHANGE,user_90,192.168.1.91,,bash,0,0,0,17,0
2025-10-07 20:40:05.156778,FILE_ACCESS,user_55,192.168.1.70,/usr/bin/,firefox,0,0,0,12,0
2025-10-07 23:16:05.156778,FILE_ACCESS,user_11,192.168.1.216,/home/user/documents/,mysql,0,0,0,10,0
2025-10-07 23:40:05.156778,FILE_ACCESS,user_52,192.168.1.69,/etc/,apache2,0,0,0,17,0
2025-10-07 23:49:05.156778,NETWORK_CONNECTION,user_34,192.168.1.90,,chrome,0,0,123188,9,0
2025-10-08 00:44:05.156778,NETWORK_CONNECTION,user_7,192.168.1.236,,mysql,0,0,863608,11,0
2025-10-08 01:33:05.156778,LOGIN,user_86,192.168.1.13,,chrome,2,288,0,14,0
2025-10-08 02:27:05.156778,PROCESS_START,user_80,192.168.1.158,,python,0,0,0,12,0
2025-10-08 02:28:05.156778,FILE_ACCESS,user_77,192.168.1.5,/home/user/documents/,mysql,0,0,0,12,0
2025-10-08 04:46:05.156778,FILE_ACCESS,user_90,192.168.1.230,/home/user/documents/,ssh,0,0,0,17,0
2025-10-08 05:03:05.156778,LOGOUT,user_65,192.168.1.248,,ssh,0,2164,0,9,0
2025-10-08 05:27:05.156778,LOGOUT,user_12,192.168.1.114,,apache2,0,789,0,15,0
2025-10-08 06:27:05.156778,FILE_ACCESS,user_61,192.168.1.179,/tmp/,bash,0,0,0,15,0
2025-10-08 08:33:05.156778,LOGOUT,user_61,192.168.1.133,,bash,0,1795,0,12,0
2025-10-08 09:00:05.156778,NETWORK_CONNECTION,user_36,192.168.1.143,,chrome,0,0,267503,10,0
2025-10-08 09:36:05.156778,LOGIN,user_11,192.168.1.12,,firefox,2,3151,0,17,0
2025-10-08 10:56:05.156778,LOGOUT,user_67,192.168.1.138,,python,0,2124,0,8,0
2025-10-08 13:02:05.156778,FILE_ACCESS,user_70,192.168.1.87,/tmp/,firefox,0,0,0,10,0
2025-10-08 13:38:05.156778,LOGOUT,user_26,192.168.1.176,,firefox,0,233,0,9,0
2025-10-08 14:38:05.156778,LOGOUT,user_90,192.168.1.167,,mysql,0,3371,0,10,0
2025-10-08 14:44:05.156778,LOGIN,user_18,192.168.1.170,,python,5,1108,0,13,0
2025-10-08 16:18:05.156778,LOGOUT,user_46,192.168.1.73,,apache2,0,2925,0,10,0
2025-10-08 16:49:05.156778,REGISTRY_CHANGE,user_43,192.168.1.70,,python,0,0,0,13,0
2025-10-08 17:12:05.156778,NETWORK_CONNECTION,user_57,192.168.1.188,,python,0,0,924703,10,0
2025-10-08 17:29:05.156778,LOGIN,user_13,192.168.1.161,,ssh,2,1817,0,15,0
2025-10-08 17:40:05.156778,PROCESS_START,user_56,192.168.1.215,,firefox,0,0,0,16,0
2025-10-08 18:50:05.156778,LOGOUT,user_74,192.168.1.200,,firefox,0,856,0,11,0
2025-10-08 19:43:05.156778,LOGIN,user_50,192.168.1.14,,firefox,5,2437,0,14,0
2025-10-08 20:06:05.156778,LOGIN,user_82,192.168.1.109,,mysql,2,2619,0,8,0
2025-10-08 20:42:05.156778,PROCESS_START,user_62,192.168.1.44,,apache2,0,0,0,17,0
2025-10-08 21:54:05.156778,PROCESS_START,user_23,192.168.1.41,,ssh,0,0,0,15,0
2025-10-08 21:57:05.156778,LOGIN,user_53,192.168.1.85,,ssh,5,656,0,9,0
2025-10-08 22:04:05.156778,LOGOUT,user_21,192.168.1.194,,mysql,0,1824,0,18,0
2025-10-08 22:23:05.156778,FILE_ACCESS,user_47,192.168.1.108,/home/user/documents/,mysql,0,0,0,13,0
2025-10-08 23:10:05.156778,LOGOUT,user_20,192.168.1.208,,apache2,0,495,0,12,0
2025-10-09 00:06:05.156778,LOGIN,user_48,192.168.1.89,,chrome,1,1935,0,16,0
2025-10-09 00:43:05.156778,PROCESS_START,user_83,192.168.1.50,,apache2,0,0,0,11,0
2025-10-09 04:40:05.156778,LOGOUT,user_14,192.168.1.107,,firefox,0,1804,0,15,0
2025-10-09 06:03:05.156778,LOGOUT,user_57,192.168.1.107,,bash,0,598,0,11,0
2025-10-09 06:12:05.156778,LOGIN,user_46,192.168.1.166,,apache2,4,963,0,16,0
2025-10-09 08:20:05.156778,REGISTRY_CHANGE,user_33,192.168.1.225,,mysql,0,0,0,8,0
2025-10-09 08:38:05.156778,NETWORK_CONNECTION,user_85,192.168.1.247,,chrome,0,0,330410,12,0
2025-10-09 08:38:05.156778,REGISTRY_CHANGE,user_18,192.168.1.133,,bash,0,0,0,13,0
2025-10-09 08:57:05.156778,PROCESS_START,user_14,192.168.1.205,,mysql,0,0,0,10,0
2025-10-09 10:15:05.156778,PROCESS_START,user_8,192.168.1.240,,mysql,0,0,0,15,0
2025-10-09 11:32:05.156778,PROCESS_START,user_70,192.168.1.75,,chrome,0,0,0,10,0
2025-10-09 12:17:05.156778,LOGOUT,user_59,192.168.1.23,,ssh,0,457,0,10,0
2025-10-09 12:25:05.156778,FILE_ACCESS,user_51,192.168.1.184,/tmp/,chrome,0,0,0,16,0
2025-10-09 12:49:05.156778,PROCESS_START,user_97,192.168.1.97,,python,0,0,0,14,0
2025-10-09 14:06:05.156778,LOGIN,user_77,192.168.1.9,,apache2,1,1657,0,18,0
2025-10-09 14:14:05.156778,LOGIN,user_43,192.168.1.19,,apache2,5,551,0,12,0
2025-10-09 14:22:05.156778,LOGIN,user_34,192.168.1.56,,bash,3,2584,0,5,1
2025-10-09 15:21:05.156778,LOGOUT,user_81,192.168.1.176,,python,0,413,0,11,0
2025-10-09 15:33:05.156778,REGISTRY_CHANGE,user_6,192.168.1.194,,bash,0,0,0,2,1
2025-10-09 15:48:05.156778,LOGOUT,user_49,192.168.1.99,,bash,0,3530,0,8,0
2025-10-09 15:50:05.156778,PROCESS_START,user_20,192.168.1.116,,mysql,0,0,0,12,0
2025-10-09 15:54:05.156778,NETWORK_CONNECTION,user_37,192.168.1.199,,bash,0,0,479033,13,0
2025-10-09 16:51:05.156778,LOGOUT,user_41,192.168.1.125,,firefox,0,2402,0,17,0
2025-10-09 17:50:05.156778,NETWORK_CONNECTION,user_89,192.168.1.86,,chrome,0,0,282994,12,0
2025-10-09 18:00:05.156778,LOGOUT,user_93,192.168.1.114,,apache2,0,3070,0,13,0
2025-10-09 18:52:05.156778,FILE_ACCESS,user_100,192.168.1.111,/home/user/documents/,ssh,0,0,0,17,0
2025-10-09 21:26:05.156778,FILE_ACCESS,user_100,192.168.1.16,/home/user/documents/,mysql,0,0,0,13,0
2025-10-09 21:30:05.156778,NETWORK_CONNECTION,user_23,192.168.1.231,,firefox,0,0,364401,9,0
2025-10-09 21:39:05.156778,FILE_ACCESS,user_60,192.168.1.116,/usr/bin/,ssh,0,0,0,4,1
2025-10-09 22:48:05.156778,REGISTRY_CHANGE,user_20,192.168.1.140,,python,0,0,0,3,1
2025-10-09 22:51:05.156778,LOGOUT,user_97,192.168.1.248,,chrome,0,3305,0,18,0
2025-10-09 22:57:05.156778,NETWORK_CONNECTION,user_71,192.168.1.26,,ssh,0,0,971466,16,0
2025-10-09 22:58:05.156778,FILE_ACCESS,user_65,192.168.1.162,/root/.ssh/,bash,0,0,0,18,1
2025-10-09 23:06:05.156778,REGISTRY_CHANGE,user_99,192.168.1.24,,python,0,0,0,12,0
2025-10-10 00:34:05.156778,FILE_ACCESS,user_33,192.168.1.34,/etc/,ssh,0,0,0,12,0
2025-10-10 00:47:05.156778,NETWORK_CONNECTION,user_59,192.168.1.131,,apache2,0,0,385648,15,0
2025-10-10 02:38:05.156778,LOGIN,user_94,192.168.1.125,,apache2,4,2261,0,16,0
2025-10-10 02:45:05.156778,FILE_ACCESS,user_26,192.168.1.163,/var/log/,firefox,0,0,0,12,0
2025-10-10 02:55:05.156778,FILE_ACCESS,user_52,192.168.1.118,/etc/,firefox,0,0,0,11,0
2025-10-10 02:56:05.156778,FILE_ACCESS,user_57,192.168.1.168,/var/log/,apache2,0,0,0,15,0
2025-10-10 03:25:05.156778,REGISTRY_CHANGE,user_100,192.168.1.123,,firefox,0,0,0,17,0
2025-10-10 04:04:05.156778,LOGOUT,user_22,192.168.1.102,,bash,0,230,0,9,0
2025-10-10 04:40:05.156778,REGISTRY_CHANGE,user_84,192.168.1.195,,bash,0,0,0,5,1
2025-10-10 04:51:05.156778,FILE_ACCESS,user_78,192.168.1.38,/usr/bin/,firefox,0,0,0,12,0
2025-10-10 05:17:05.156778,LOGOUT,user_31,192.168.1.45,,python,0,1855,0,10,0
2025-10-10 05:38:05.156778,PROCESS_START,user_85,192.168.1.37,,apache2,0,0,0,12,0
2025-10-10 08:42:05.156778,REGISTRY_CHANGE,user_50,192.168.1.80,,firefox,0,0,0,12,0
2025-10-10 08:48:05.156778,LOGOUT,user_77,192.168.1.240,,chrome,0,1579,0,15,0
2025-10-10 09:07:05.156778,REGISTRY_CHANGE,user_72,192.168.1.232,,bash,0,0,0,11,0
2025-10-10 09:18:05.156778,REGISTRY_CHANGE,user_57,192.168.1.189,,ssh,0,0,0,8,0
2025-10-10 09:35:05.156778,FILE_ACCESS,user_27,192.168.1.192,/var/log/,python,0,0,0,13,0
2025-10-10 11:06:05.156778,FILE_ACCESS,user_98,192.168.1.238,/home/user/documents/,python,0,0,0,14,0
2025-10-10 12:46:05.156778,LOGOUT,user_79,192.168.1.112,,python,0,1580,0,14,0
2025-10-10 13:31:05.156778,REGISTRY_CHANGE,user_86,192.168.1.164,,ssh,0,0,0,13,0
2025-10-10 14:09:05.156778,LOGOUT,user_46,192.168.1.58,,chrome,0,1367,0,12,0
2025-10-10 14:21:05.156778,LOGOUT,user_21,192.168.1.128,,chrome,0,2570,0,17,0
2025-10-10 15:00:05.156778,PROCESS_START,user_10,192.168.1.186,,python,0,0,0,12,0
2025-10-10 16:13:05.156778,REGISTRY_CHANGE,user_13,192.168.1.1,,bash,0,0,0,9,0
2025-10-10 18:08:05.156778,FILE_ACCESS,user_44,192.168.1.47,/tmp/,mysql,0,0,0,14,0
2025-10-10 18:18:05.156778,FILE_ACCESS,user_77,192.168.1.253,/home/user/documents/,python,0,0,0,15,0
2025-10-10 18:37:05.156778,LOGOUT,user_87,192.168.1.80,,ssh,0,199,0,11,0
2025-10-10 19:14:05.156778,PROCESS_START,user_86,192.168.1.252,,mysql,0,0,0,14,0
2025-10-10 19:50:05.156778,PROCESS_START,user_97,192.168.1.43,,mysql,0,0,0,13,0
2025-10-10 20:28:05.156778,FILE_ACCESS,user_55,192.168.1.81,/var/log/,firefox,0,0,0,13,0
2025-10-10 21:00:05.156778,PROCESS_START,user_18,192.168.1.164,,bash,0,0,0,9,0
2025-10-10 21:45:05.156778,FILE_ACCESS,user_85,192.168.1.18,/etc/passwd,ssh,0,0,0,14,1
2025-10-10 22:14:05.156778,LOGIN,user_86,192.168.1.89,,apache2,5,259,0,14,0
2025-10-10 22:29:05.156778,REGISTRY_CHANGE,user_56,192.168.1.91,,firefox,0,0,0,15,0
2025-10-10 22:44:05.156778,REGISTRY_CHANGE,user_83,192.168.1.11,,bash,0,0,0,15,0
2025-10-10 22:53:05.156778,NETWORK_CONNECTION,user_79,192.168.1.44,,ssh,0,0,521392,9,0
2025-10-10 23:02:05.156778,REGISTRY_CHANGE,user_29,192.168.1.1,,bash,0,0,0,18,0
2025-10-10 23:14:05.156778,NETWORK_CONNECTION,user_93,192.168.1.179,,ssh,0,0,849641,9,0
2025-10-10 23:19:05.156778,PROCESS_START,user_14,192.168.1.176,,mysql,0,0,0,11,0
2025-10-10 23:56:05.156778,PROCESS_START,user_87,192.168.1.255,,python,0,0,0,8,0
2025-10-11 01:48:05.156778,REGISTRY_CHANGE,user_79,192.168.1.97,,ssh,0,0,0,8,0
2025-10-11 02:55:05.156778,FILE_ACCESS,user_69,192.168.1.226,/etc/,python,0,0,0,14,0
2025-10-11 04:29:05.156778,LOGIN,user_41,192.168.1.95,,chrome,2,2637,0,10,0
2025-10-11 04:40:05.156778,LOGIN,user_42,192.168.1.170,,firefox,4,692,0,15,0
2025-10-11 04:53:05.156778,FILE_ACCESS,user_100,192.168.1.144,/usr/bin/,firefox,0,0,0,14,0
2025-10-11 04:54:05.156778,LOGOUT,user_33,192.168.1.51,,apache2,0,3175,0,10,0
2025-10-11 05:21:05.156778,REGISTRY_CHANGE,user_67,192.168.1.163,,bash,0,0,0,12,0
2025-10-11 07:51:05.156778,REGISTRY_CHANGE,user_74,192.168.1.92,,ssh,0,0,0,18,0
2025-10-11 08:40:05.156778,NETWORK_CONNECTION,user_92,192.168.1.67,,bash,0,0,762986,9,0
2025-10-11 08:41:05.156778,NETWORK_CONNECTION,user_26,192.168.1.156,,apache2,0,0,375408,12,0
2025-10-11 09:02:05.156778,LOGOUT,user_55,192.168.1.167,,python,0,2322,0,12,0
2025-10-11 10:41:05.156778,NETWORK_CONNECTION,user_5,192.168.1.220,,mysql,0,0,320115,11,0
2025-10-11 10:41:05.156778,PROCESS_START,user_4,192.168.1.238,,python,0,0,0,18,0
2025-10-11 10:42:05.156778,REGISTRY_CHANGE,user_3,192.168.1.13,,python,0,0,0,14,0
2025-10-11 10:49:05.156778,FILE_ACCESS,user_72,192.168.1.95,/usr/bin/,apache2,0,0,0,12,0
2025-10-11 12:22:05.156778,LOGOUT,user_81,192.168.1.41,,ssh,0,1586,0,14,0
2025-10-11 13:49:05.156778,NETWORK_CONNECTION,user_47,192.168.1.120,,apache2,0,0,679758,13,0
2025-10-11 14:09:05.156778,FILE_ACCESS,user_58,192.168.1.121,/home/user/documents/,apache2,0,0,0,3,1
2025-10-11 14:27:05.156778,PROCESS_START,user_23,192.168.1.233,,mysql,0,0,0,10,0
2025-10-11 16:27:05.156778,NETWORK_CONNECTION,user_33,192.168.1.139,,chrome,0,0,808021,8,0
2025-10-11 16:32:05.156778,NETWORK_CONNECTION,user_16,192.168.1.166,,bash,0,0,739777,15,0
2025-10-11 17:44:05.156778,REGISTRY_CHANGE,user_69,192.168.1.193,,ssh,0,0,0,18,0
2025-10-11 17:48:05.156778,LOGOUT,user_86,192.168.1.205,,python,0,2650,0,8,0
2025-10-11 18:19:05.156778,LOGIN,user_44,192.168.1.166,,bash,2,2270,0,10,0
2025-10-11 18:36:05.156778,FILE_ACCESS,user_23,192.168.1.149,/home/user/documents/,ssh,0,0,0,12,0
2025-10-11 19:36:05.156778,FILE_ACCESS,user_9,192.168.1.98,/var/log/,chrome,0,0,0,11,0
2025-10-11 20:45:05.156778,REGISTRY_CHANGE,user_97,192.168.1.123,,python,0,0,0,17,0
2025-10-11 21:19:05.156778,PROCESS_START,user_1,192.168.1.97,,mysql,0,0,0,13,0
2025-10-11 21:55:05.156778,LOGOUT,user_41,192.168.1.215,,python,0,1694,0,8,0
2025-10-11 23:29:05.156778,REGISTRY_CHANGE,user_49,192.168.1.136,,apache2,0,0,0,8,0
2025-10-11 23:39:05.156778,LOGIN,user_78,192.168.1.34,,chrome,2,464,0,18,0
2025-10-12 01:10:05.156778,NETWORK_CONNECTION,user_18,192.168.1.206,,bash,0,0,332811,16,0
2025-10-12 02:07:05.156778,NETWORK_CONNECTION,user_46,192.168.1.224,,mysql,0,0,629675,14,0
2025-10-12 03:33:05.156778,LOGIN,user_15,192.168.1.181,,bash,4,2987,0,13,0
2025-10-12 03:36:05.156778,PROCESS_START,user_33,192.168.1.122,,mysql,0,0,0,11,0
2025-10-12 05:44:05.156778,LOGOUT,user_2,192.168.1.19,,firefox,0,1798,0,10,0
2025-10-12 06:09:05.156778,PROCESS_START,user_27,192.168.1.18,,bash,0,0,0,16,0
2025-10-12 06:41:05.156778,LOGOUT,user_68,192.168.1.215,,chrome,0,1342,0,8,0
2025-10-12 07:49:05.156778,LOGIN,user_40,192.168.1.94,,apache2,2,2741,0,8,0
2025-10-12 08:12:05.156778,REGISTRY_CHANGE,user_90,192.168.1.213,,ssh,0,0,0,18,0
2025-10-12 09:09:05.156778,LOGIN,user_51,192.168.1.96,,mysql,2,825,0,13,0
2025-10-12 09:26:05.156778,LOGIN,user_50,192.168.1.129,,chrome,1,1231,0,10,0
2025-10-12 09:33:05.156778,NETWORK_CONNECTION,user_65,192.168.1.234,,apache2,0,0,318997,9,0
2025-10-12 10:44:05.156778,PROCESS_START,user_8,192.168.1.151,,firefox,0,0,0,16,0
2025-10-12 11:08:05.156778,FILE_ACCESS,user_92,192.168.1.46,/home/user/documents/,ssh,0,0,0,13,0
2025-10-12 11:55:05.156778,LOGOUT,user_94,192.168.1.6,,mysql,0,2922,0,10,0
2025-10-12 11:57:05.156778,LOGIN,user_62,192.168.1.90,,chrome,4,2457,0,13,0
2025-10-12 12:19:05.156778,LOGOUT,user_1,192.168.1.160,,python,0,3513,0,8,0
2025-10-12 12:32:05.156778,LOGOUT,user_84,192.168.1.36,,chrome,0,575,0,18,0
2025-10-12 12:34:05.156778,LOGIN,user_90,192.168.1.120,,python,2,926,0,12,0
2025-10-12 13:00:05.156778,FILE_ACCESS,user_11,192.168.1.122,/usr/bin/,python,0,0,0,8,0
2025-10-12 14:51:05.156778,FILE_ACCESS,user_62,192.168.1.197,/etc/,bash,0,0,0,9,0
2025-10-12 14:55:05.156778,FILE_ACCESS,user_16,192.168.1.62,/etc/,firefox,0,0,0,10,0
2025-10-12 15:18:05.156778,REGISTRY_CHANGE,user_94,192.168.1.85,,mysql,0,0,0,15,0
2025-10-12 16:24:05.156778,NETWORK_CONNECTION,user_53,192.168.1.83,,bash,0,0,940271,10,0
2025-10-12 16:36:05.156778,FILE_ACCESS,user_1,192.168.1.243,/tmp/,chrome,0,0,0,17,0
2025-10-12 16:55:05.156778,LOGIN,user_18,192.168.1.165,,python,5,746,0,15,0
2025-10-12 18:26:05.156778,NETWORK_CONNECTION,user_14,192.168.1.131,,ssh,0,0,822980,9,0
2025-10-12 20:21:05.156778,PROCESS_START,user_97,192.168.1.163,,python,0,0,0,10,0
2025-10-12 20:41:05.156778,LOGOUT,user_27,192.168.1.207,,mysql,0,2454,0,13,0
2025-10-12 21:18:05.156778,LOGIN,user_2,192.168.1.16,,apache2,4,1534,0,11,0
2025-10-12 21:20:05.156778,LOGOUT,user_36,192.168.1.166,,bash,0,2963,0,16,0
2025-10-12 21:29:05.156778,REGISTRY_CHANGE,user_70,192.168.1.126,,bash,0,0,0,16,0
2025-10-12 21:32:05.156778,PROCESS_START,user_26,192.168.1.68,,firefox,0,0,0,18,0
2025-10-12 23:01:05.156778,PROCESS_START,user_50,192.168.1.108,,python,0,0,0,17,0
2025-10-13 00:39:05.156778,FILE_ACCESS,user_68,192.168.1.145,/root/.ssh/,firefox,0,0,0,10,1
2025-10-13 01:35:05.156778,PROCESS_START,user_34,192.168.1.234,,chrome,0,0,0,10,0
2025-10-13 01:59:05.156778,FILE_ACCESS,user_87,192.168.1.228,/etc/,ssh,0,0,0,18,0
2025-10-13 02:39:05.156778,LOGOUT,user_70,192.168.1.65,,apache2,0,70,0,9,0
2025-10-13 03:09:05.156778,REGISTRY_CHANGE,user_73,192.168.1.235,,bash,0,0,0,9,0
2025-10-13 03:24:05.156778,FILE_ACCESS,user_41,192.168.1.40,/root/.ssh/,mysql,0,0,0,8,1
2025-10-13 04:00:05.156778,LOGIN,user_22,192.168.1.112,,chrome,1,1489,0,12,0
2025-10-13 04:18:05.156778,REGISTRY_CHANGE,user_94,192.168.1.124,,chrome,0,0,0,8,0
2025-10-13 05:57:05.156778,PROCESS_START,user_91,192.168.1.235,,chrome,0,0,0,9,0
2025-10-13 06:12:05.156778,REGISTRY_CHANGE,user_55,192.168.1.95,,mysql,0,0,0,8,0
2025-10-13 06:33:05.156778,FILE_ACCESS,user_84,192.168.1.90,/root/.ssh/,chrome,0,0,0,11,1
2025-10-13 07:15:05.156778,LOGOUT,user_25,192.168.1.159,,chrome,0,1635,0,13,0
2025-10-13 07:36:05.156778,FILE_ACCESS,user_49,192.168.1.48,/var/log/,chrome,0,0,0,15,0
2025-10-13 07:57:05.156778,NETWORK_CONNECTION,user_2,192.168.1.46,,bash,0,0,755662,10,0
2025-10-13 08:22:05.156778,PROCESS_START,user_98,192.168.1.62,,firefox,0,0,0,17,0
2025-10-13 08:32:05.156778,LOGOUT,user_5,192.168.1.142,,apache2,0,1328,0,18,0
2025-10-13 09:12:05.156778,LOGIN,user_64,192.168.1.56,,mysql,4,2864,0,12,0
2025-10-13 09:34:05.156778,LOGIN,user_28,192.168.1.130,,firefox,5,1989,0,8,0
2025-10-13 10:01:05.156778,NETWORK_CONNECTION,user_89,192.168.1.53,,chrome,0,0,889687,17,0
2025-10-13 11:03:05.156778,LOGOUT,user_17,192.168.1.122,,python,0,2875,0,17,0
2025-10-13 11:04:05.156778,PROCESS_START,user_73,192.168.1.94,,ssh,0,0,0,14,0
2025-10-13 11:23:05.156778,FILE_ACCESS,user_11,192.168.1.80,/var/log/,bash,0,0,0,11,0
2025-10-13 11:31:05.156778,REGISTRY_CHANGE,user_28,192.168.1.17,,python,0,0,0,13,0
2025-10-13 13:02:05.156778,LOGOUT,user_85,192.168.1.160,,chrome,0,2318,0,17,0
2025-10-13 13:23:05.156778,NETWORK_CONNECTION,user_84,192.168.1.26,,mysql,0,0,34405,17,0
2025-10-13 13:25:05.156778,LOGOUT,user_21,192.168.1.250,,ssh,0,744,0,10,0
2025-10-13 15:21:05.156778,PROCESS_START,user_29,192.168.1.35,,firefox,0,0,0,16,0
2025-10-13 16:26:05.156778,FILE_ACCESS,user_99,192.168.1.27,/home/user/documents/,apache2,0,0,0,18,0
2025-10-13 17:36:05.156778,FILE_ACCESS,user_71,192.168.1.4,/var/log/,chrome,0,0,0,9,0
2025-10-13 17:51:05.156778,REGISTRY_CHANGE,user_94,192.168.1.11,,ssh,0,0,0,16,0
2025-10-13 19:03:05.156778,FILE_ACCESS,user_74,192.168.1.185,/tmp/,bash,0,0,0,10,0
2025-10-13 19:21:05.156778,LOGIN,user_19,192.168.1.218,,apache2,1,976,0,15,0
2025-10-13 19:31:05.156778,FILE_ACCESS,user_72,192.168.1.110,/tmp/,firefox,0,0,0,11,0
2025-10-13 20:16:05.156778,FILE_ACCESS,user_53,192.168.1.178,/tmp/,chrome,0,0,0,18,0
2025-10-13 20:24:05.156778,FILE_ACCESS,user_88,192.168.1.65,/etc/,apache2,0,0,0,8,0
2025-10-13 20:50:05.156778,REGISTRY_CHANGE,user_37,192.168.1.157,,chrome,0,0,0,17,0
2025-10-13 21:37:05.156778,LOGOUT,user_78,192.168.1.36,,chrome,0,1530,0,8,0
2025-10-13 23:01:05.156778,LOGIN,user_28,192.168.1.209,,python,3,1074,0,18,0
2025-10-14 00:20:05.156778,FILE_ACCESS,user_62,192.168.1.248,/home/user/documents/,python,0,0,0,13,0
2025-10-14 00:27:05.156778,LOGOUT,user_42,192.168.1.240,,mysql,0,3474,0,13,0
2025-10-14 00:35:05.156778,FILE_ACCESS,user_15,192.168.1.179,/var/log/,bash,0,0,0,10,0
2025-10-14 00:58:05.156778,FILE_ACCESS,user_68,192.168.1.224,/usr/bin/,chrome,0,0,0,11,0
2025-10-14 01:45:05.156778,PROCESS_START,user_18,192.168.1.115,,firefox,0,0,0,17,0
2025-10-14 01:53:05.156778,PROCESS_START,user_78,192.168.1.100,,firefox,0,0,0,9,0
2025-10-14 02:49:05.156778,LOGOUT,user_71,192.168.1.103,,bash,0,2467,0,18,0
2025-10-14 03:12:05.156778,LOGOUT,user_25,192.168.1.33,,apache2,0,3379,0,5,1
2025-10-14 05:50:05.156778,REGISTRY_CHANGE,user_49,192.168.1.44,,python,0,0,0,12,0
2025-10-14 05:57:05.156778,REGISTRY_CHANGE,user_11,192.168.1.73,,mysql,0,0,0,18,0
2025-10-14 07:10:05.156778,FILE_ACCESS,user_99,192.168.1.90,/usr/bin/,ssh,0,0,0,10,0
2025-10-14 10:53:05.156778,REGISTRY_CHANGE,user_72,192.168.1.178,,apache2,0,0,0,17,0
2025-10-14 11:32:05.156778,NETWORK_CONNECTION,user_16,192.168.1.179,,ssh,0,0,706948,13,0
2025-10-14 11:38:05.156778,PROCESS_START,user_60,192.168.1.182,,apache2,0,0,0,10,0
2025-10-14 12:11:05.156778,FILE_ACCESS,user_90,192.168.1.61,/home/user/documents/,mysql,0,0,0,16,0
2025-10-14 13:59:05.156778,PROCESS_START,user_77,192.168.1.117,,python,0,0,0,18,0
2025-10-14 14:24:05.156778,REGISTRY_CHANGE,user_10,192.168.1.48,,python,0,0,0,16,0
2025-10-14 15:45:05.156778,PROCESS_START,user_14,192.168.1.223,,bash,0,0,0,18,0
2025-10-14 16:32:05.156778,NETWORK_CONNECTION,user_89,192.168.1.166,,python,0,0,70066,9,0
2025-10-14 17:06:05.156778,PROCESS_START,user_17,192.168.1.251,,firefox,0,0,0,11,0
2025-10-14 17:08:05.156778,FILE_ACCESS,user_71,192.168.1.3,/home/user/documents/,python,0,0,0,9,0
2025-10-14 17:17:05.156778,LOGOUT,user_23,192.168.1.21,,firefox,0,996,0,14,0
2025-10-14 17:36:05.156778,LOGIN,user_63,192.168.1.86,,firefox,1,29,0,10,0
2025-10-14 18:36:05.156778,PROCESS_START,user_49,192.168.1.200,,python,0,0,0,8,0
2025-10-14 20:21:05.156778,PROCESS_START,user_36,192.168.1.102,,ssh,0,0,0,17,0
2025-10-14 21:52:05.156778,FILE_ACCESS,user_38,192.168.1.120,/tmp/,mysql,0,0,0,9,0
2025-10-14 22:05:05.156778,LOGOUT,user_82,192.168.1.169,,apache2,0,1851,0,8,0
2025-10-14 23:30:05.156778,NETWORK_CONNECTION,user_82,192.168.1.138,,bash,0,0,175071,18,0
2025-10-14 23:33:05.156778,NETWORK_CONNECTION,user_78,192.168.1.2,,mysql,0,0,430894,11,0
2025-10-14 23:35:05.156778,LOGIN,user_77,192.168.1.18,,ssh,5,1018,0,11,0
2025-10-15 01:53:05.156778,FILE_ACCESS,user_17,192.168.1.48,/root/.ssh/,bash,0,0,0,18,1
2025-10-15 01:57:05.156778,LOGIN,user_24,192.168.1.35,,bash,4,1124,0,18,0
2025-10-15 02:12:05.156778,PROCESS_START,user_50,192.168.1.216,,mysql,0,0,0,14,0
2025-10-15 02:13:05.156778,NETWORK_CONNECTION,user_70,192.168.1.80,,ssh,0,0,244023,8,0
2025-10-15 02:40:05.156778,REGISTRY_CHANGE,user_31,192.168.1.147,,mysql,0,0,0,14,0
2025-10-15 04:07:05.156778,NETWORK_CONNECTION,user_90,192.168.1.142,,firefox,0,0,295298,16,0
2025-10-15 04:17:05.156778,PROCESS_START,user_33,192.168.1.174,,firefox,0,0,0,18,0
2025-10-15 04:46:05.156778,REGISTRY_CHANGE,user_44,192.168.1.28,,ssh,0,0,0,8,0
2025-10-15 04:48:05.156778,PROCESS_START,user_66,192.168.1.192,,chrome,0,0,0,9,0
2025-10-15 05:53:05.156778,LOGOUT,user_69,192.168.1.115,,python,0,1033,0,10,0
2025-10-15 06:09:05.156778,NETWORK_CONNECTION,user_86,192.168.1.241,,bash,0,0,315668,10,0
2025-10-15 06:13:05.156778,LOGIN,user_68,192.168.1.251,,bash,2,1911,0,13,0
2025-10-15 07:13:05.156778,LOGIN,user_43,192.168.1.42,,firefox,2,67,0,18,0
2025-10-15 07:30:05.156778,LOGIN,user_4,192.168.1.159,,bash,1,2910,0,17,0
2025-10-15 07:42:05.156778,LOGOUT,user_5,192.168.1.105,,python,0,921,0,8,0
2025-10-15 08:24:05.156778,FILE_ACCESS,user_45,192.168.1.187,/var/log/,apache2,0,0,0,18,0
2025-10-15 08:41:05.156778,REGISTRY_CHANGE,user_46,192.168.1.250,,ssh,0,0,0,13,0
2025-10-15 08:59:05.156778,REGISTRY_CHANGE,user_90,192.168.1.99,,firefox,0,0,0,11,0
2025-10-15 09:05:05.156778,NETWORK_CONNECTION,user_52,192.168.1.148,,bash,0,0,76002,2,1
2025-10-15 11:52:05.156778,NETWORK_CONNECTION,user_15,192.168.1.68,,firefox,0,0,328728,15,0
2025-10-15 12:36:05.156778,REGISTRY_CHANGE,user_57,192.168.1.208,,ssh,0,0,0,13,0
2025-10-15 13:02:05.156778,REGISTRY_CHANGE,user_98,192.168.1.172,,bash,0,0,0,9,0
2025-10-15 13:14:05.156778,LOGIN,user_76,192.168.1.177,,firefox,3,3492,0,11,0
2025-10-15 13:52:05.156778,LOGOUT,user_48,192.168.1.196,,bash,0,1337,0,16,0
2025-10-15 14:42:05.156778,LOGOUT,user_95,192.168.1.62,,apache2,0,3429,0,11,0
2025-10-15 15:01:05.156778,NETWORK_CONNECTION,user_29,192.168.1.19,,python,0,0,152081,15,0
2025-10-15 15:23:05.156778,FILE_ACCESS,user_53,192.168.1.253,/var/log/,mysql,0,0,0,15,0
2025-10-15 15:56:05.156778,LOGOUT,user_70,192.168.1.225,,mysql,0,3411,0,16,0
2025-10-15 16:19:05.156778,REGISTRY_CHANGE,user_40,192.168.1.103,,python,0,0,0,18,0
2025-10-15 16:48:05.156778,FILE_ACCESS,user_26,192.168.1.227,/root/.ssh/,chrome,0,0,0,15,1
2025-10-15 17:10:05.156778,NETWORK_CONNECTION,user_12,192.168.1.65,,firefox,0,0,768981,18,0
2025-10-15 17:20:05.156778,LOGIN,user_63,192.168.1.50,,firefox,4,2163,0,17,0
2025-10-15 18:01:05.156778,LOGOUT,user_100,192.168.1.198,,apache2,0,1851,0,10,0
2025-10-15 18:09:05.156778,LOGOUT,user_9,192.168.1.46,,python,0,2827,0,15,0
2025-10-15 18:26:05.156778,PROCESS_START,user_100,192.168.1.221,,chrome,0,0,0,11,0
2025-10-15 20:42:05.156778,PROCESS_START,user_91,192.168.1.9,,mysql,0,0,0,13,0
2025-10-15 23:04:05.156778,PROCESS_START,user_54,192.168.1.106,,ssh,0,0,0,3,1
2025-10-16 00:36:05.156778,REGISTRY_CHANGE,user_63,192.168.1.238,,chrome,0,0,0,9,0
2025-10-16 01:40:05.156778,PROCESS_START,user_92,192.168.1.75,,firefox,0,0,0,18,0
2025-10-16 01:49:05.156778,FILE_ACCESS,user_26,192.168.1.50,/etc/,chrome,0,0,0,16,0
2025-10-16 02:48:05.156778,NETWORK_CONNECTION,user_75,192.168.1.26,,apache2,0,0,575310,17,0
2025-10-16 05:00:05.156778,LOGIN,user_71,192.168.1.67,,firefox,2,1508,0,16,0
2025-10-16 05:19:05.156778,REGISTRY_CHANGE,user_96,192.168.1.39,,chrome,0,0,0,17,0
2025-10-16 05:31:05.156778,LOGIN,user_76,192.168.1.45,,apache2,4,698,0,9,0
2025-10-16 06:34:05.156778,FILE_ACCESS,user_99,192.168.1.125,/var/log/,ssh,0,0,0,10,0
2025-10-16 07:28:05.156778,NETWORK_CONNECTION,user_58,192.168.1.228,,python,0,0,436296,13,0
2025-10-16 07:36:05.156778,PROCESS_START,user_46,192.168.1.13,,chrome,0,0,0,15,0
2025-10-16 08:29:05.156778,LOGOUT,user_43,192.168.1.199,,mysql,0,3526,0,17,0
2025-10-16 08:43:05.156778,PROCESS_START,user_59,192.168.1.46,,firefox,0,0,0,10,0
2025-10-16 09:54:05.156778,LOGIN,user_13,192.168.1.36,,mysql,4,1298,0,17,0
2025-10-16 13:28:05.156778,NETWORK_CONNECTION,user_77,192.168.1.15,,chrome,0,0,144001,3,1
2025-10-16 13:29:05.156778,FILE_ACCESS,user_5,192.168.1.71,/var/log/,chrome,0,0,0,12,0
2025-10-16 14:18:05.156778,REGISTRY_CHANGE,user_19,192.168.1.5,,firefox,0,0,0,17,0
2025-10-16 14:39:05.156778,NETWORK_CONNECTION,user_89,192.168.1.63,,python,0,0,580458,17,0
2025-10-16 14:50:05.156778,FILE_ACCESS,user_11,192.168.1.156,/tmp/,bash,0,0,0,5,1
2025-10-16 14:58:05.156778,LOGOUT,user_41,192.168.1.6,,bash,0,2288,0,12,0
2025-10-16 17:52:05.156778,LOGIN,user_41,192.168.1.239,,chrome,2,573,0,18,0
2025-10-16 18:45:05.156778,FILE_ACCESS,user_91,192.168.1.37,/usr/bin/,python,0,0,0,8,0
2025-10-16 18:51:05.156778,FILE_ACCESS,user_46,192.168.1.230,/tmp/,mysql,0,0,0,18,0
2025-10-16 19:00:05.156778,LOGOUT,user_58,192.168.1.19,,ssh,0,1315,0,8,0
2025-10-16 19:00:05.156778,LOGOUT,user_44,192.168.1.230,,firefox,0,1575,0,10,0
2025-10-16 19:18:05.156778,LOGIN,user_50,192.168.1.245,,bash,5,1480,0,15,0
2025-10-16 19:40:05.156778,FILE_ACCESS,user_88,192.168.1.114,/root/.ssh/,chrome,0,0,0,9,1
2025-10-16 20:42:05.156778,LOGIN,user_57,192.168.1.79,,mysql,1,10,0,12,0
2025-10-16 21:12:05.156778,LOGOUT,user_4,192.168.1.169,,chrome,0,294,0,13,0
2025-10-16 21:15:05.156778,FILE_ACCESS,user_53,192.168.1.100,/tmp/,mysql,0,0,0,14,0
2025-10-16 21:32:05.156778,FILE_ACCESS,user_11,192.168.1.219,/tmp/,mysql,0,0,0,9,0
2025-10-16 21:53:05.156778,FILE_ACCESS,user_41,192.168.1.168,/usr/bin/,firefox,0,0,0,12,0
2025-10-16 23:28:05.156778,LOGOUT,user_59,192.168.1.89,,ssh,0,3325,0,11,0
2025-10-16 23:35:05.156778,NETWORK_CONNECTION,user_90,192.168.1.244,,python,0,0,824365,11,0
2025-10-16 23:57:05.156778,PROCESS_START,user_29,192.168.1.2,,apache2,0,0,0,18,0
2025-10-17 01:26:05.156778,PROCESS_START,user_53,192.168.1.180,,bash,0,0,0,15,0
2025-10-17 02:22:05.156778,PROCESS_START,user_83,192.168.1.86,,python,0,0,0,13,0
2025-10-17 03:34:05.156778,FILE_ACCESS,user_81,192.168.1.151,/tmp/,ssh,0,0,0,11,0
2025-10-17 04:23:05.156778,REGISTRY_CHANGE,user_74,192.168.1.82,,apache2,0,0,0,18,0
2025-10-17 04:45:05.156778,LOGIN,user_2,192.168.1.172,,firefox,4,620,0,9,0
2025-10-17 06:48:05.156778,LOGOUT,user_53,192.168.1.125,,apache2,0,1562,0,14,0
2025-10-17 07:25:05.156778,LOGOUT,user_95,192.168.1.151,,apache2,0,2533,0,17,0
2025-10-17 08:06:05.156778,LOGIN,user_96,192.168.1.122,,mysql,3,1283,0,13,0
2025-10-17 08:28:05.156778,LOGIN,user_6,192.168.1.255,,mysql,3,765,0,10,0
2025-10-17 08:31:05.156778,REGISTRY_CHANGE,user_57,192.168.1.186,,firefox,0,0,0,11,0
2025-10-17 09:16:05.156778,PROCESS_START,user_15,192.168.1.167,,chrome,0,0,0,17,0
2025-10-17 09:44:05.156778,REGISTRY_CHANGE,user_12,192.168.1.5,,firefox,0,0,0,12,0
2025-10-17 09:56:05.156778,REGISTRY_CHANGE,user_1,192.168.1.250,,mysql,0,0,0,12,0
2025-10-17 10:01:05.156778,PROCESS_START,user_42,192.168.1.199,,firefox,0,0,0,15,0
2025-10-17 10:02:05.156778,NETWORK_CONNECTION,user_50,192.168.1.29,,ssh,0,0,554048,18,0
2025-10-17 11:59:05.156778,REGISTRY_CHANGE,user_85,192.168.1.161,,apache2,0,0,0,17,0
2025-10-17 12:43:05.156778,REGISTRY_CHANGE,user_87,192.168.1.151,,firefox,0,0,0,16,0
2025-10-17 13:09:05.156778,LOGIN,user_74,192.168.1.243,,python,3,1725,0,11,0
2025-10-17 14:05:05.156778,PROCESS_START,user_19,192.168.1.223,,mysql,0,0,0,12,0
2025-10-17 14:08:05.156778,LOGIN,user_6,192.168.1.149,,apache2,3,3167,0,15,0
2025-10-17 14:20:05.156778,FILE_ACCESS,user_100,192.168.1.118,/home/user/documents/,python,0,0,0,17,0
2025-10-17 16:03:05.156778,NETWORK_CONNECTION,user_79,192.168.1.218,,firefox,0,0,603734,15,0
2025-10-17 16:21:05.156778,LOGOUT,user_1,192.168.1.239,,mysql,0,2614,0,11,0
2025-10-17 17:01:05.156778,NETWORK_CONNECTION,user_71,192.168.1.168,,chrome,0,0,861601,13,0
2025-10-17 17:59:05.156778,REGISTRY_CHANGE,user_72,192.168.1.138,,bash,0,0,0,17,0
2025-10-17 19:20:05.156778,REGISTRY_CHANGE,user_31,192.168.1.69,,bash,0,0,0,8,0
2025-10-17 19:45:05.156778,REGISTRY_CHANGE,user_86,192.168.1.91,,bash,0,0,0,17,0
2025-10-17 19:47:05.156778,NETWORK_CONNECTION,user_93,192.168.1.82,,mysql,0,0,125300,9,0
2025-10-17 20:19:05.156778,PROCESS_START,user_81,192.168.1.243,,firefox,0,0,0,16,0
2025-10-17 20:32:05.156778,NETWORK_CONNECTION,user_99,192.168.1.250,,python,0,0,771141,8,0
2025-10-17 21:21:05.156778,PROCESS_START,user_46,192.168.1.40,,firefox,0,0,0,9,0
2025-10-17 22:20:05.156778,NETWORK_CONNECTION,user_3,192.168.1.230,,ssh,0,0,696989,18,0
2025-10-17 23:32:05.156778,LOGOUT,user_93,192.168.1.161,,python,0,448,0,17,0
2025-10-17 23:51:05.156778,LOGOUT,user_60,192.168.1.78,,bash,0,429,0,17,0
2025-10-18 00:23:05.156778,NETWORK_CONNECTION,user_15,192.168.1.211,,bash,0,0,660121,15,0
2025-10-18 01:18:05.156778,NETWORK_CONNECTION,user_82,192.168.1.77,,ssh,0,0,247528,8,0
2025-10-18 03:42:05.156778,FILE_ACCESS,user_42,192.168.1.31,/etc/passwd,python,0,0,0,3,1
2025-10-18 04:30:05.156778,FILE_ACCESS,user_22,192.168.1.156,/var/log/,mysql,0,0,0,9,0
2025-10-18 06:42:05.156778,LOGOUT,user_67,192.168.1.246,,firefox,0,2991,0,17,0
2025-10-18 08:06:05.156778,LOGOUT,user_75,192.168.1.15,,mysql,0,678,0,15,0
2025-10-18 09:50:05.156778,LOGIN,user_10,192.168.1.88,,firefox,1,2250,0,14,0
2025-10-18 10:44:05.156778,LOGOUT,user_95,192.168.1.114,,ssh,0,468,0,14,0
2025-10-18 11:23:05.156778,LOGIN,user_52,192.168.1.129,,python,5,821,0,10,0
2025-10-18 11:43:05.156778,LOGOUT,user_35,192.168.1.121,,apache2,0,2052,0,13,0
2025-10-18 13:29:05.156778,REGISTRY_CHANGE,user_47,192.168.1.196,,ssh,0,0,0,8,0
2025-10-18 13:29:05.156778,LOGIN,user_14,192.168.1.191,,bash,2,2949,0,12,0
2025-10-18 13:42:05.156778,LOGOUT,user_57,192.168.1.18,,python,0,740,0,11,0
2025-10-18 14:05:05.156778,FILE_ACCESS,user_80,192.168.1.178,/etc/,chrome,0,0,0,9,0
2025-10-18 14:17:05.156778,LOGOUT,user_32,192.168.1.178,,firefox,0,15,0,12,0
2025-10-18 15:56:05.156778,LOGIN,user_94,192.168.1.109,,bash,3,1325,0,17,0
2025-10-18 16:14:05.156778,FILE_ACCESS,user_39,192.168.1.150,/etc/,firefox,0,0,0,8,0
2025-10-18 18:31:05.156778,FILE_ACCESS,user_53,192.168.1.132,/root/.ssh/,ssh,0,0,0,11,1
2025-10-18 19:28:05.156778,LOGOUT,user_72,192.168.1.111,,chrome,0,3035,0,11,0
2025-10-18 19:37:05.156778,PROCESS_START,user_69,192.168.1.199,,mysql,0,0,0,14,0
2025-10-18 19:53:05.156778,FILE_ACCESS,user_13,192.168.1.66,/tmp/,chrome,0,0,0,14,0
2025-10-18 20:00:05.156778,LOGOUT,user_4,192.168.1.82,,ssh,0,3322,0,8,0
2025-10-18 20:40:05.156778,LOGOUT,user_91,192.168.1.206,,ssh,0,1285,0,11,0
2025-10-18 20:57:05.156778,REGISTRY_CHANGE,user_85,192.168.1.93,,chrome,0,0,0,8,0
2025-10-18 23:16:05.156778,NETWORK_CONNECTION,user_62,192.168.1.251,,apache2,0,0,402319,15,0
2025-10-19 00:30:05.156778,REGISTRY_CHANGE,user_8,192.168.1.20,,bash,0,0,0,14,0
2025-10-19 02:36:05.156778,REGISTRY_CHANGE,user_42,192.168.1.221,,apache2,0,0,0,18,0
2025-10-19 04:28:05.156778,LOGIN,user_98,192.168.1.207,,mysql,2,891,0,14,0
2025-10-19 05:29:05.156778,FILE_ACCESS,user_83,192.168.1.131,/etc/,ssh,0,0,0,16,0
2025-10-19 05:49:05.156778,NETWORK_CONNECTION,user_67,192.168.1.21,,apache2,0,0,495501,17,0
2025-10-19 06:49:05.156778,NETWORK_CONNECTION,user_90,192.168.1.176,,mysql,0,0,779950,11,0
2025-10-19 07:20:05.156778,LOGOUT,user_20,192.168.1.48,,firefox,0,953,0,17,0
2025-10-19 08:45:05.156778,FILE_ACCESS,user_17,192.168.1.184,/var/log/,ssh,0,0,0,8,0
2025-10-19 10:13:05.156778,LOGIN,user_28,192.168.1.115,,apache2,2,3411,0,15,0
2025-10-19 10:22:05.156778,FILE_ACCESS,user_71,192.168.1.148,/etc/,firefox,0,0,0,15,0
2025-10-19 10:50:05.156778,LOGOUT,user_90,192.168.1.159,,ssh,0,1601,0,15,0
2025-10-19 11:58:05.156778,LOGOUT,user_56,192.168.1.65,,ssh,0,3042,0,15,0
2025-10-19 13:45:05.156778,LOGIN,user_65,192.168.1.209,,ssh,1,2157,0,14,0
2025-10-19 15:13:05.156778,NETWORK_CONNECTION,user_90,192.168.1.125,,chrome,0,0,251021,18,0
2025-10-19 16:47:05.156778,LOGIN,user_2,192.168.1.77,,mysql,4,2636,0,9,0
2025-10-19 17:54:05.156778,FILE_ACCESS,user_1,192.168.1.31,/etc/passwd,chrome,0,0,0,10,1
2025-10-19 17:59:05.156778,FILE_ACCESS,user_87,192.168.1.81,/home/user/documents/,chrome,0,0,0,9,0
2025-10-19 18:16:05.156778,NETWORK_CONNECTION,user_94,192.168.1.134,,firefox,0,0,140388,13,0
2025-10-19 18:49:05.156778,REGISTRY_CHANGE,user_9,192.168.1.210,,apache2,0,0,0,14,0
2025-10-19 18:57:05.156778,REGISTRY_CHANGE,user_89,192.168.1.163,,mysql,0,0,0,17,0
2025-10-19 19:11:05.156778,PROCESS_START,user_82,192.168.1.240,,chrome,0,0,0,11,0
2025-10-19 20:28:05.156778,NETWORK_CONNECTION,user_18,192.168.1.32,,bash,0,0,433956,12,0
2025-10-19 21:11:05.156778,FILE_ACCESS,user_21,192.168.1.117,/root/.ssh/,bash,0,0,0,18,1
2025-10-19 21:30:05.156778,LOGIN,user_61,192.168.1.33,,firefox,3,2690,0,16,0
2025-10-19 21:55:05.156778,NETWORK_CONNECTION,user_18,192.168.1.36,,chrome,0,0,735670,16,0
2025-10-19 21:56:05.156778,LOGIN,user_48,192.168.1.231,,firefox,5,3371,0,8,0
2025-10-19 22:12:05.156778,PROCESS_START,user_7,192.168.1.177,,chrome,0,0,0,10,0
2025-10-19 22:25:05.156778,FILE_ACCESS,user_22,192.168.1.10,/etc/,firefox,0,0,0,17,0
2025-10-19 22:52:05.156778,FILE_ACCESS,user_79,192.168.1.57,/tmp/,apache2,0,0,0,10,0
2025-10-19 23:42:05.156778,LOGIN,user_65,192.168.1.198,,firefox,3,3599,0,16,0
2025-10-19 23:57:05.156778,FILE_ACCESS,user_60,192.168.1.13,/home/user/documents/,chrome,0,0,0,10,0
2025-10-20 01:27:05.156778,LOGOUT,user_13,192.168.1.13,,apache2,0,233,0,16,0
2025-10-20 02:39:05.156778,LOGOUT,user_39,192.168.1.198,,mysql,0,1975,0,11,0
2025-10-20 03:22:05.156778,REGISTRY_CHANGE,user_55,192.168.1.177,,python,0,0,0,12,0
2025-10-20 03:52:05.156778,LOGIN,user_99,192.168.1.111,,chrome,1,2255,0,17,0
2025-10-20 04:28:05.156778,REGISTRY_CHANGE,user_82,192.168.1.121,,python,0,0,0,18,0
2025-10-20 04:43:05.156778,LOGIN,user_94,192.168.1.207,,chrome,3,1435,0,9,0
2025-10-20 06:13:05.156778,LOGOUT,user_85,192.168.1.134,,ssh,0,2290,0,12,0
2025-10-20 06:35:05.156778,NETWORK_CONNECTION,user_32,192.168.1.207,,python,0,0,76617,14,0
2025-10-20 07:22:05.156778,PROCESS_START,user_69,192.168.1.24,,bash,0,0,0,10,0
2025-10-20 07:57:05.156778,NETWORK_CONNECTION,user_96,192.168.1.240,,apache2,0,0,817053,18,0
2025-10-20 09:33:05.156778,LOGOUT,user_45,192.168.1.158,,apache2,0,1814,0,15,0
2025-10-20 10:15:05.156778,REGISTRY_CHANGE,user_91,192.168.1.165,,python,0,0,0,14,0
2025-10-20 10:16:05.156778,NETWORK_CONNECTION,user_71,192.168.1.28,,chrome,0,0,294347,17,0
2025-10-20 11:31:05.156778,FILE_ACCESS,user_30,192.168.1.31,/home/user/documents/,firefox,0,0,0,13,0
2025-10-20 12:36:05.156778,PROCESS_START,user_96,192.168.1.212,,ssh,0,0,0,12,0
2025-10-20 13:06:05.156778,FILE_ACCESS,user_94,192.168.1.197,/var/log/,ssh,0,0,0,12,0
2025-10-20 13:25:05.156778,NETWORK_CONNECTION,user_61,192.168.1.126,,firefox,0,0,570657,12,0
2025-10-20 14:07:05.156778,REGISTRY_CHANGE,user_91,192.168.1.231,,chrome,0,0,0,10,0
2025-10-20 14:26:05.156778,REGISTRY_CHANGE,user_53,192.168.1.84,,apache2,0,0,0,12,0
2025-10-20 17:17:05.156778,FILE_ACCESS,user_59,192.168.1.201,/etc/,python,0,0,0,15,0
2025-10-20 17:53:05.156778,FILE_ACCESS,user_14,192.168.1.148,/tmp/,apache2,0,0,0,10,0
2025-10-20 18:02:05.156778,REGISTRY_CHANGE,user_41,192.168.1.188,,apache2,0,0,0,13,0
2025-10-20 18:43:05.156778,LOGOUT,user_29,192.168.1.183,,chrome,0,1482,0,14,0
2025-10-20 19:26:05.156778,FILE_ACCESS,user_28,192.168.1.229,/var/log/,python,0,0,0,10,0
2025-10-20 20:08:05.156778,REGISTRY_CHANGE,user_5,192.168.1.70,,mysql,0,0,0,15,0
2025-10-20 21:13:05.156778,PROCESS_START,user_69,192.168.1.5,,chrome,0,0,0,18,0
2025-10-20 21:28:05.156778,NETWORK_CONNECTION,user_39,192.168.1.65,,python,0,0,103882,17,0
2025-10-20 21:28:05.156778,NETWORK_CONNECTION,user_46,192.168.1.133,,mysql,0,0,97627,12,0
2025-10-20 22:25:05.156778,FILE_ACCESS,user_73,192.168.1.204,/tmp/,firefox,0,0,0,12,0
2025-10-20 22:34:05.156778,PROCESS_START,user_83,192.168.1.194,,ssh,0,0,0,15,0
2025-10-21 01:41:05.156778,REGISTRY_CHANGE,user_18,192.168.1.185,,mysql,0,0,0,4,1
2025-10-21 02:52:05.156778,PROCESS_START,user_89,192.168.1.52,,mysql,0,0,0,10,0
2025-10-21 04:39:05.156778,LOGOUT,user_12,192.168.1.72,,bash,0,2509,0,11,0
2025-10-21 04:59:05.156778,LOGOUT,user_21,192.168.1.188,,firefox,0,1309,0,18,0
2025-10-21 05:13:05.156778,FILE_ACCESS,user_49,192.168.1.210,/usr/bin/,ssh,0,0,0,14,0
2025-10-21 06:55:05.156778,LOGIN,user_38,192.168.1.92,,bash,4,2328,0,10,0
2025-10-21 07:20:05.156778,NETWORK_CONNECTION,user_63,192.168.1.8,,python,0,0,483746,9,0
2025-10-21 07:29:05.156778,NETWORK_CONNECTION,user_32,192.168.1.110,,firefox,0,0,864471,8,0
2025-10-21 08:21:05.156778,LOGOUT,user_100,192.168.1.29,,firefox,0,1699,0,9,0
2025-10-21 09:30:05.156778,NETWORK_CONNECTION,user_76,192.168.1.163,,mysql,0,0,732714,18,0
2025-10-21 09:36:05.156778,PROCESS_START,user_90,192.168.1.57,,python,0,0,0,18,0
2025-10-21 10:53:05.156778,PROCESS_START,user_29,192.168.1.166,,firefox,0,0,0,15,0
2025-10-21 12:33:05.156778,NETWORK_CONNECTION,user_43,192.168.1.111,,apache2,0,0,315129,18,0
2025-10-21 12:43:05.156778,LOGIN,user_72,192.168.1.174,,chrome,2,1375,0,12,0
2025-10-21 13:59:05.156778,FILE_ACCESS,user_17,192.168.1.172,/etc/,bash,0,0,0,9,0
2025-10-21 14:20:05.156778,REGISTRY_CHANGE,user_10,192.168.1.61,,firefox,0,0,0,13,0
2025-10-21 14:27:05.156778,PROCESS_START,user_13,192.168.1.230,,apache2,0,0,0,8,0
2025-10-21 14:56:05.156778,LOGIN,user_12,192.168.1.19,,ssh,5,3375,0,12,0
2025-10-21 15:07:05.156778,FILE_ACCESS,user_47,192.168.1.76,/usr/bin/,python,0,0,0,17,0
2025-10-21 15:27:05.156778,NETWORK_CONNECTION,user_86,192.168.1.222,,apache2,0,0,825722,11,0
2025-10-21 16:49:05.156778,REGISTRY_CHANGE,user_39,192.168.1.103,,mysql,0,0,0,18,0
2025-10-21 18:38:05.156778,NETWORK_CONNECTION,user_53,192.168.1.238,,bash,0,0,760280,16,0
2025-10-21 19:17:05.156778,REGISTRY_CHANGE,user_8,192.168.1.132,,ssh,0,0,0,18,0
2025-10-21 19:27:05.156778,FILE_ACCESS,user_70,192.168.1.21,/tmp/,firefox,0,0,0,11,0
2025-10-21 20:16:05.156778,LOGIN,user_12,192.168.1.98,,mysql,1,2998,0,13,0
2025-10-21 20:49:05.156778,FILE_ACCESS,user_73,192.168.1.173,/usr/bin/,chrome,0,0,0,10,0
2025-10-21 22:16:05.156778,PROCESS_START,user_79,192.168.1.179,,python,0,0,0,8,0
2025-10-21 23:27:05.156778,LOGOUT,user_43,192.168.1.200,,bash,0,2098,0,16,0
2025-10-22 00:06:05.156778,NETWORK_CONNECTION,user_94,192.168.1.224,,chrome,0,0,914247,13,0
2025-10-22 02:23:05.156778,PROCESS_START,user_89,192.168.1.61,,firefox,0,0,0,18,0
2025-10-22 02:58:05.156778,NETWORK_CONNECTION,user_46,192.168.1.193,,apache2,0,0,235317,14,0
2025-10-22 03:08:05.156778,LOGOUT,user_88,192.168.1.163,,mysql,0,3475,0,16,0
2025-10-22 03:26:05.156778,REGISTRY_CHANGE,user_92,192.168.1.57,,firefox,0,0,0,18,0
2025-10-22 03:53:05.156778,LOGOUT,user_38,192.168.1.155,,apache2,0,2377,0,18,0
2025-10-22 04:37:05.156778,LOGOUT,user_34,192.168.1.192,,ssh,0,1593,0,9,0
2025-10-22 04:38:05.156778,LOGIN,user_75,192.168.1.3,,chrome,2,3501,0,16,0
2025-10-22 04:44:05.156778,REGISTRY_CHANGE,user_51,192.168.1.189,,firefox,0,0,0,18,0
2025-10-22 04:48:05.156778,REGISTRY_CHANGE,user_86,192.168.1.98,,python,0,0,0,13,0
2025-10-22 05:24:05.156778,LOGIN,user_62,192.168.1.27,,chrome,2,1436,0,9,0
2025-10-22 05:31:05.156778,LOGIN,user_83,192.168.1.68,,apache2,4,1643,0,9,0
2025-10-22 05:35:05.156778,FILE_ACCESS,user_71,192.168.1.196,/etc/,chrome,0,0,0,15,0
2025-10-22 06:16:05.156778,REGISTRY_CHANGE,user_87,192.168.1.165,,ssh,0,0,0,16,0
2025-10-22 06:23:05.156778,LOGIN,user_13,192.168.1.112,,bash,5,2449,0,9,0
2025-10-22 07:23:05.156778,REGISTRY_CHANGE,user_46,192.168.1.91,,mysql,0,0,0,11,0
2025-10-22 08:28:05.156778,LOGIN,user_23,192.168.1.255,,firefox,2,3429,0,16,0
2025-10-22 09:36:05.156778,PROCESS_START,user_93,192.168.1.71,,python,0,0,0,17,0
2025-10-22 09:49:05.156778,LOGIN,user_32,192.168.1.95,,firefox,3,2515,0,15,0
2025-10-22 12:01:05.156778,LOGIN,user_24,192.168.1.223,,ssh,2,3045,0,18,0
2025-10-22 12:23:05.156778,FILE_ACCESS,user_58,192.168.1.224,/tmp/,firefox,0,0,0,11,0
2025-10-22 14:50:05.156778,LOGIN,user_20,192.168.1.72,,firefox,5,3460,0,13,0
2025-10-22 16:10:05.156778,FILE_ACCESS,user_44,192.168.1.72,/usr/bin/,ssh,0,0,0,12,0
2025-10-22 17:15:05.156778,PROCESS_START,user_49,192.168.1.111,,ssh,0,0,0,17,0
2025-10-22 19:44:05.156778,LOGIN,user_91,192.168.1.82,,ssh,5,662,0,10,0
2025-10-22 19:53:05.156778,LOGIN,user_69,192.168.1.102,,python,3,1332,0,14,0
2025-10-22 19:54:05.156778,LOGOUT,user_76,192.168.1.83,,firefox,0,1734,0,3,1
2025-10-22 20:11:05.156778,PROCESS_START,user_39,192.168.1.217,,apache2,0,0,0,18,0
2025-10-22 20:46:05.156778,LOGIN,user_63,192.168.1.35,,bash,4,1685,0,14,0
2025-10-22 20:51:05.156778,NETWORK_CONNECTION,user_70,192.168.1.201,,mysql,0,0,407347,17,0
2025-10-22 21:00:05.156778,LOGIN,user_37,192.168.1.222,,firefox,3,2925,0,5,1
2025-10-22 21:01:05.156778,FILE_ACCESS,user_34,192.168.1.93,/tmp/,ssh,0,0,0,15,0
2025-10-22 21:20:05.156778,REGISTRY_CHANGE,user_31,192.168.1.16,,apache2,0,0,0,15,0
2025-10-22 22:29:05.156778,LOGIN,user_68,192.168.1.140,,ssh,4,3587,0,16,0
2025-10-22 22:44:05.156778,LOGIN,user_55,192.168.1.23,,python,2,407,0,18,0
2025-10-22 22:47:05.156778,LOGOUT,user_39,192.168.1.4,,ssh,0,233,0,10,0
2025-10-22 22:53:05.156778,FILE_ACCESS,user_72,192.168.1.143,/etc/,ssh,0,0,0,12,0
2025-10-22 23:11:05.156778,NETWORK_CONNECTION,user_61,192.168.1.235,,firefox,0,0,339913,8,0
2025-10-22 23:27:05.156778,PROCESS_START,user_29,192.168.1.32,,chrome,0,0,0,10,0
2025-10-23 00:13:05.156778,REGISTRY_CHANGE,user_59,192.168.1.182,,firefox,0,0,0,10,0
2025-10-23 00:35:05.156778,LOGIN,user_69,192.168.1.149,,apache2,5,1162,0,10,0
2025-10-23 03:08:05.156778,REGISTRY_CHANGE,user_17,192.168.1.24,,apache2,0,0,0,13,0
2025-10-23 03:10:05.156778,LOGIN,user_48,192.168.1.181,,ssh,3,1246,0,14,0
2025-10-23 03:59:05.156778,PROCESS_START,user_36,192.168.1.254,,bash,0,0,0,11,0
2025-10-23 05:25:05.156778,NETWORK_CONNECTION,user_41,192.168.1.167,,firefox,0,0,195185,9,0
2025-10-23 05:34:05.156778,PROCESS_START,user_32,192.168.1.60,,bash,0,0,0,12,0
2025-10-23 07:12:05.156778,LOGIN,user_75,192.168.1.124,,firefox,5,3529,0,9,0
2025-10-23 08:40:05.156778,PROCESS_START,user_22,192.168.1.113,,apache2,0,0,0,17,0
2025-10-23 08:48:05.156778,FILE_ACCESS,user_93,192.168.1.84,/usr/bin/,ssh,0,0,0,17,0
2025-10-23 09:20:05.156778,PROCESS_START,user_72,192.168.1.28,,mysql,0,0,0,15,0
2025-10-23 09:20:05.156778,LOGOUT,user_57,192.168.1.114,,firefox,0,1514,0,13,0
2025-10-23 10:35:05.156778,FILE_ACCESS,user_75,192.168.1.76,/tmp/,ssh,0,0,0,9,0
2025-10-23 11:26:05.156778,NETWORK_CONNECTION,user_77,192.168.1.115,,bash,0,0,366849,15,0
2025-10-23 12:02:05.156778,NETWORK_CONNECTION,user_53,192.168.1.88,,apache2,0,0,162162,10,0
2025-10-23 12:44:05.156778,LOGOUT,user_53,192.168.1.226,,apache2,0,2938,0,14,0
2025-10-23 14:10:05.156778,PROCESS_START,user_66,192.168.1.115,,mysql,0,0,0,12,0
2025-10-23 15:22:05.156778,FILE_ACCESS,user_51,192.168.1.94,/var/log/,bash,0,0,0,17,0
2025-10-23 15:40:05.156778,LOGOUT,user_67,192.168.1.104,,chrome,0,1984,0,13,0
2025-10-23 16:12:05.156778,FILE_ACCESS,user_23,192.168.1.118,/usr/bin/,mysql,0,0,0,13,0
2025-10-23 17:14:05.156778,FILE_ACCESS,user_93,192.168.1.35,/tmp/,firefox,0,0,0,8,0
2025-10-23 18:16:05.156778,FILE_ACCESS,user_70,192.168.1.97,/usr/bin/,firefox,0,0,0,15,0
2025-10-23 18:34:05.156778,FILE_ACCESS,user_4,192.168.1.127,/tmp/,apache2,0,0,0,10,0
2025-10-23 18:43:05.156778,FILE_ACCESS,user_97,192.168.1.244,/home/user/documents/,python,0,0,0,12,0
2025-10-23 20:05:05.156778,REGISTRY_CHANGE,user_41,192.168.1.101,,bash,0,0,0,17,0
2025-10-23 21:01:05.156778,FILE_ACCESS,user_76,192.168.1.206,/home/user/documents/,python,0,0,0,17,0
2025-10-23 21:26:05.156778,PROCESS_START,user_60,192.168.1.136,,firefox,0,0,0,16,0
2025-10-23 21:36:05.156778,FILE_ACCESS,user_71,192.168.1.126,/root/.ssh/,mysql,0,0,0,10,1
2025-10-23 22:43:05.156778,NETWORK_CONNECTION,user_49,192.168.1.112,,python,0,0,145924,18,0
2025-10-23 23:50:05.156778,LOGIN,user_44,192.168.1.54,,chrome,4,2333,0,17,0
2025-10-23 23:52:05.156778,REGISTRY_CHANGE,user_18,192.168.1.203,,firefox,0,0,0,9,0
2025-10-24 01:21:05.156778,PROCESS_START,user_25,192.168.1.66,,mysql,0,0,0,3,1
2025-10-24 01:55:05.156778,REGISTRY_CHANGE,user_62,192.168.1.205,,apache2,0,0,0,10,0
2025-10-24 03:26:05.156778,PROCESS_START,user_54,192.168.1.248,,apache2,0,0,0,15,0
2025-10-24 03:53:05.156778,LOGOUT,user_48,192.168.1.227,,ssh,0,1088,0,10,0
2025-10-24 03:55:05.156778,NETWORK_CONNECTION,user_88,192.168.1.81,,firefox,0,0,263650,8,0
2025-10-24 04:52:05.156778,FILE_ACCESS,user_23,192.168.1.46,/etc/,bash,0,0,0,13,0
2025-10-24 06:40:05.156778,NETWORK_CONNECTION,user_34,192.168.1.38,,mysql,0,0,972363,14,0
2025-10-24 07:07:05.156778,FILE_ACCESS,user_20,192.168.1.180,/usr/bin/,ssh,0,0,0,14,0
2025-10-24 09:14:05.156778,LOGIN,user_70,192.168.1.121,,chrome,1,509,0,12,0
2025-10-24 09:19:05.156778,LOGOUT,user_99,192.168.1.151,,python,0,2062,0,12,0
2025-10-24 09:33:05.156778,NETWORK_CONNECTION,user_19,192.168.1.148,,python,0,0,474047,18,0
2025-10-24 09:49:05.156778,REGISTRY_CHANGE,user_95,192.168.1.84,,ssh,0,0,0,12,0
2025-10-24 11:33:05.156778,FILE_ACCESS,user_99,192.168.1.206,/etc/,firefox,0,0,0,8,0
2025-10-24 12:13:05.156778,NETWORK_CONNECTION,user_76,192.168.1.52,,bash,0,0,298413,9,0
2025-10-24 12:33:05.156778,FILE_ACCESS,user_57,192.168.1.200,/usr/bin/,bash,0,0,0,13,0
2025-10-24 12:55:05.156778,LOGOUT,user_86,192.168.1.166,,ssh,0,1887,0,13,0
2025-10-24 13:25:05.156778,PROCESS_START,user_7,192.168.1.174,,python,0,0,0,10,0
2025-10-24 13:31:05.156778,REGISTRY_CHANGE,user_40,192.168.1.186,,firefox,0,0,0,11,0
2025-10-24 13:55:05.156778,FILE_ACCESS,user_4,192.168.1.163,/tmp/,apache2,0,0,0,15,0
2025-10-24 14:19:05.156778,FILE_ACCESS,user_6,192.168.1.112,/root/.ssh/,bash,0,0,0,18,1
2025-10-24 14:38:05.156778,PROCESS_START,user_42,192.168.1.220,,chrome,0,0,0,15,0
2025-10-24 15:39:05.156778,LOGIN,user_39,192.168.1.42,,firefox,5,1368,0,17,0
2025-10-24 16:21:05.156778,REGISTRY_CHANGE,user_96,192.168.1.211,,python,0,0,0,16,0
2025-10-24 16:52:05.156778,FILE_ACCESS,user_29,192.168.1.36,/home/user/documents/,chrome,0,0,0,9,0
2025-10-24 17:18:05.156778,PROCESS_START,user_28,192.168.1.188,,apache2,0,0,0,13,0
2025-10-24 19:43:05.156778,FILE_ACCESS,user_16,192.168.1.250,/var/log/,mysql,0,0,0,16,0
2025-10-24 22:14:05.156778,REGISTRY_CHANGE,user_22,192.168.1.216,,bash,0,0,0,10,0
2025-10-24 23:22:05.156778,LOGOUT,user_48,192.168.1.161,,chrome,0,2579,0,18,0
2025-10-24 23:26:05.156778,REGISTRY_CHANGE,user_65,192.168.1.237,,firefox,0,0,0,12,0
2025-10-24 23:44:05.156778,REGISTRY_CHANGE,user_14,192.168.1.84,,bash,0,0,0,9,0
2025-10-25 00:09:05.156778,PROCESS_START,user_1,192.168.1.78,,bash,0,0,0,14,0
2025-10-25 01:04:05.156778,REGISTRY_CHANGE,user_61,192.168.1.123,,mysql,0,0,0,12,0
2025-10-25 02:35:05.156778,LOGIN,user_18,192.168.1.12,,ssh,1,971,0,12,0
2025-10-25 03:06:05.156778,FILE_ACCESS,user_87,192.168.1.154,/etc/,ssh,0,0,0,18,0
2025-10-25 03:12:05.156778,LOGOUT,user_99,192.168.1.35,,mysql,0,1576,0,18,0
2025-10-25 03:35:05.156778,LOGIN,user_33,192.168.1.157,,apache2,4,3387,0,9,0
2025-10-25 03:49:05.156778,PROCESS_START,user_10,192.168.1.33,,python,0,0,0,18,0
2025-10-25 04:10:05.156778,FILE_ACCESS,user_21,192.168.1.11,/tmp/,mysql,0,0,0,11,0
2025-10-25 05:17:05.156778,PROCESS_START,user_19,192.168.1.204,,firefox,0,0,0,10,0
2025-10-25 06:22:05.156778,LOGIN,user_45,192.168.1.223,,bash,5,2671,0,17,0
2025-10-25 06:39:05.156778,LOGOUT,user_23,192.168.1.157,,firefox,0,2057,0,17,0
2025-10-25 08:21:05.156778,NETWORK_CONNECTION,user_47,192.168.1.90,,firefox,0,0,25482,13,0
2025-10-25 09:29:05.156778,FILE_ACCESS,user_93,192.168.1.30,/tmp/,apache2,0,0,0,15,0
2025-10-25 09:50:05.156778,FILE_ACCESS,user_65,192.168.1.69,/etc/,chrome,0,0,0,12,0
2025-10-25 10:34:05.156778,NETWORK_CONNECTION,user_37,192.168.1.42,,apache2,0,0,876197,14,0
2025-10-25 10:45:05.156778,LOGIN,user_27,192.168.1.214,,chrome,5,1568,0,17,0
2025-10-25 10:55:05.156778,PROCESS_START,user_69,192.168.1.104,,firefox,0,0,0,11,0
2025-10-25 11:33:05.156778,PROCESS_START,user_68,192.168.1.35,,mysql,0,0,0,12,0
2025-10-25 12:43:05.156778,FILE_ACCESS,user_20,192.168.1.51,/usr/bin/,chrome,0,0,0,14,0
2025-10-25 12:56:05.156778,LOGIN,user_6,192.168.1.254,,python,5,1625,0,16,0
2025-10-25 13:03:05.156778,LOGOUT,user_5,192.168.1.215,,firefox,0,3582,0,15,0
2025-10-25 13:48:05.156778,FILE_ACCESS,user_50,192.168.1.189,/root/.ssh/,apache2,0,0,0,4,1
2025-10-25 14:32:05.156778,PROCESS_START,user_99,192.168.1.240,,apache2,0,0,0,8,0
2025-10-25 16:06:05.156778,FILE_ACCESS,user_6,192.168.1.179,/tmp/,chrome,0,0,0,11,0
2025-10-25 16:19:05.156778,REGISTRY_CHANGE,user_13,192.168.1.170,,firefox,0,0,0,17,0
2025-10-25 17:53:05.156778,REGISTRY_CHANGE,user_17,192.168.1.123,,firefox,0,0,0,14,0
2025-10-25 17:58:05.156778,LOGIN,user_67,192.168.1.28,,apache2,3,3082,0,2,1
2025-10-25 18:55:05.156778,LOGIN,user_100,192.168.1.74,,apache2,4,2627,0,9,0
2025-10-25 19:40:05.156778,LOGOUT,user_54,192.168.1.180,,mysql,0,1856,0,13,0
2025-10-25 19:45:05.156778,NETWORK_CONNECTION,user_78,192.168.1.114,,ssh,0,0,362039,11,0
2025-10-25 22:38:05.156778,LOGOUT,user_46,192.168.1.55,,python,0,618,0,12,0
2025-10-25 22:59:05.156778,REGISTRY_CHANGE,user_86,192.168.1.198,,chrome,0,0,0,12,0
2025-10-26 01:19:05.156778,PROCESS_START,user_99,192.168.1.210,,ssh,0,0,0,18,0
2025-10-26 01:30:05.156778,PROCESS_START,user_52,192.168.1.182,,python,0,0,0,12,0
2025-10-26 02:11:05.156778,LOGIN,user_37,192.168.1.174,,firefox,3,196,0,15,0
2025-10-26 03:42:05.156778,LOGIN,user_86,192.168.1.236,,firefox,3,2087,0,13,0
2025-10-26 06:55:05.156778,PROCESS_START,user_29,192.168.1.229,,ssh,0,0,0,10,0
2025-10-26 06:59:05.156778,NETWORK_CONNECTION,user_16,192.168.1.223,,ssh,0,0,664778,18,0
2025-10-26 08:00:05.156778,REGISTRY_CHANGE,user_10,192.168.1.192,,firefox,0,0,0,8,0
2025-10-26 09:37:05.156778,LOGIN,user_32,192.168.1.112,,python,3,3064,0,16,0
2025-10-26 10:28:05.156778,REGISTRY_CHANGE,user_31,192.168.1.15,,python,0,0,0,14,0
2025-10-26 10:29:05.156778,PROCESS_START,user_38,192.168.1.139,,apache2,0,0,0,11,0
2025-10-26 10:40:05.156778,LOGIN,user_53,192.168.1.94,,bash,3,3091,0,11,0
2025-10-26 10:45:05.156778,NETWORK_CONNECTION,user_68,192.168.1.134,,mysql,0,0,406335,13,0
2025-10-26 12:04:05.156778,LOGOUT,user_70,192.168.1.56,,bash,0,1194,0,8,0
2025-10-26 12:55:05.156778,NETWORK_CONNECTION,user_44,192.168.1.250,,chrome,0,0,544600,15,0
2025-10-26 12:55:05.156778,NETWORK_CONNECTION,user_34,192.168.1.58,,apache2,0,0,788875,17,0
2025-10-26 12:57:05.156778,LOGIN,user_61,192.168.1.114,,ssh,3,2088,0,12,0
2025-10-26 14:25:05.156778,REGISTRY_CHANGE,user_16,192.168.1.70,,ssh,0,0,0,12,0
2025-10-26 14:42:05.156778,PROCESS_START,user_28,192.168.1.254,,mysql,0,0,0,18,0
2025-10-26 15:05:05.156778,LOGOUT,user_53,192.168.1.190,,chrome,0,240,0,16,0
2025-10-26 16:01:05.156778,PROCESS_START,user_93,192.168.1.229,,apache2,0,0,0,16,0
2025-10-26 16:11:05.156778,FILE_ACCESS,user_76,192.168.1.254,/usr/bin/,ssh,0,0,0,17,0
2025-10-26 16:30:05.156778,FILE_ACCESS,user_41,192.168.1.141,/etc/,python,0,0,0,13,0
2025-10-26 16:36:05.156778,FILE_ACCESS,user_35,192.168.1.187,/home/user/documents/,apache2,0,0,0,18,0
2025-10-26 17:25:05.156778,REGISTRY_CHANGE,user_83,192.168.1.6,,chrome,0,0,0,9,0
2025-10-26 17:28:05.156778,FILE_ACCESS,user_58,192.168.1.11,/usr/bin/,python,0,0,0,13,0
2025-10-26 18:23:05.156778,FILE_ACCESS,user_98,192.168.1.70,/var/log/,python,0,0,0,9,0
2025-10-26 18:54:05.156778,LOGOUT,user_40,192.168.1.245,,firefox,0,3344,0,17,0
2025-10-26 19:31:05.156778,FILE_ACCESS,user_51,192.168.1.119,/usr/bin/,apache2,0,0,0,17,0
2025-10-26 20:03:05.156778,LOGOUT,user_79,192.168.1.74,,ssh,0,565,0,15,0
2025-10-26 20:35:05.156778,PROCESS_START,user_91,192.168.1.93,,ssh,0,0,0,17,0
2025-10-26 22:25:05.156778,PROCESS_START,user_21,192.168.1.137,,python,0,0,0,8,0
2025-10-26 22:32:05.156778,NETWORK_CONNECTION,user_49,192.168.1.21,,apache2,0,0,685380,18,0
2025-10-26 22:50:05.156778,NETWORK_CONNECTION,user_87,192.168.1.81,,ssh,0,0,962390,18,0
2025-10-26 22:52:05.156778,PROCESS_START,user_72,192.168.1.132,,mysql,0,0,0,8,0
2025-10-26 22:57:05.156778,LOGOUT,user_69,192.168.1.62,,mysql,0,2788,0,15,0
2025-10-26 23:07:05.156778,PROCESS_START,user_62,192.168.1.150,,bash,0,0,0,16,0
2025-10-26 23:22:05.156778,LOGIN,user_5,192.168.1.87,,ssh,2,3315,0,8,0
2025-10-26 23:23:05.156778,PROCESS_START,user_19,192.168.1.213,,mysql,0,0,0,11,0
2025-10-26 23:41:05.156778,LOGOUT,user_19,192.168.1.25,,python,0,1026,0,14,0
2025-10-27 00:03:05.156778,FILE_ACCESS,user_48,192.168.1.114,/var/log/,bash,0,0,0,17,0
2025-10-27 00:27:05.156778,NETWORK_CONNECTION,user_22,192.168.1.48,,firefox,0,0,263971,10,0
2025-10-27 00:31:05.156778,PROCESS_START,user_36,192.168.1.212,,ssh,0,0,0,18,0
2025-10-27 00:41:05.156778,NETWORK_CONNECTION,user_85,192.168.1.151,,ssh,0,0,556227,10,0
2025-10-27 00:42:05.156778,LOGIN,user_44,192.168.1.252,,ssh,2,2908,0,16,0
2025-10-27 02:13:05.156778,FILE_ACCESS,user_28,192.168.1.135,/etc/,chrome,0,0,0,9,0
2025-10-27 02:22:05.156778,FILE_ACCESS,user_27,192.168.1.195,/var/log/,python,0,0,0,17,0
2025-10-27 02:32:05.156778,PROCESS_START,user_96,192.168.1.141,,chrome,0,0,0,15,0
2025-10-27 03:51:05.156778,REGISTRY_CHANGE,user_47,192.168.1.42,,firefox,0,0,0,11,0
2025-10-27 04:11:05.156778,PROCESS_START,user_78,192.168.1.111,,firefox,0,0,0,9,0
2025-10-27 04:32:05.156778,PROCESS_START,user_61,192.168.1.147,,chrome,0,0,0,14,0
2025-10-27 04:35:05.156778,LOGIN,user_100,192.168.1.164,,bash,3,3188,0,10,0
2025-10-27 04:56:05.156778,PROCESS_START,user_55,192.168.1.142,,apache2,0,0,0,14,0
2025-10-27 05:17:05.156778,LOGIN,user_85,192.168.1.55,,ssh,3,1007,0,17,0
2025-10-27 05:21:05.156778,FILE_ACCESS,user_87,192.168.1.192,/tmp/,chrome,0,0,0,17,0
2025-10-27 05:34:05.156778,REGISTRY_CHANGE,user_78,192.168.1.96,,chrome,0,0,0,16,0
2025-10-27 06:55:05.156778,FILE_ACCESS,user_47,192.168.1.212,/tmp/,mysql,0,0,0,11,0
2025-10-27 07:15:05.156778,LOGIN,user_55,192.168.1.52,,apache2,3,392,0,10,0
2025-10-27 07:42:05.156778,LOGIN,user_93,192.168.1.37,,ssh,4,3211,0,18,0
2025-10-27 08:08:05.156778,PROCESS_START,user_96,192.168.1.198,,ssh,0,0,0,16,0
2025-10-27 10:16:05.156778,PROCESS_START,user_96,192.168.1.150,,chrome,0,0,0,3,1
2025-10-27 10:25:05.156778,PROCESS_START,user_16,192.168.1.250,,mysql,0,0,0,9,0
2025-10-27 12:07:05.156778,NETWORK_CONNECTION,user_76,192.168.1.106,,apache2,0,0,505906,11,0
2025-10-27 12:08:05.156778,LOGIN,user_22,192.168.1.237,,ssh,4,2808,0,14,0
2025-10-27 12:54:05.156778,LOGOUT,user_7,192.168.1.67,,mysql,0,1392,0,11,0
2025-10-27 14:04:05.156778,FILE_ACCESS,user_2,192.168.1.187,/var/log/,mysql,0,0,0,11,0
2025-10-27 14:42:05.156778,FILE_ACCESS,user_16,192.168.1.24,/etc/,chrome,0,0,0,18,0
2025-10-27 15:09:05.156778,REGISTRY_CHANGE,user_19,192.168.1.223,,firefox,0,0,0,13,0
2025-10-27 15:20:05.156778,FILE_ACCESS,user_76,192.168.1.249,/usr/bin/,chrome,0,0,0,11,0
2025-10-27 15:40:05.156778,PROCESS_START,user_51,192.168.1.163,,apache2,0,0,0,18,0
2025-10-27 17:25:05.156778,REGISTRY_CHANGE,user_67,192.168.1.89,,apache2,0,0,0,16,0
2025-10-27 17:40:05.156778,FILE_ACCESS,user_53,192.168.1.31,/tmp/,mysql,0,0,0,11,0
2025-10-27 18:30:05.156778,FILE_ACCESS,user_40,192.168.1.128,/root/.ssh/,apache2,0,0,0,10,1
2025-10-27 18:34:05.156778,LOGIN,user_14,192.168.1.134,,bash,3,2626,0,12,0
2025-10-27 20:33:05.156778,REGISTRY_CHANGE,user_39,192.168.1.180,,bash,0,0,0,12,0
2025-10-27 21:25:05.156778,FILE_ACCESS,user_27,192.168.1.95,/usr/bin/,chrome,0,0,0,8,0
2025-10-27 22:07:05.156778,LOGIN,user_82,192.168.1.100,,mysql,1,1422,0,12,0
2025-10-27 23:49:05.156778,PROCESS_START,user_46,192.168.1.197,,ssh,0,0,0,11,0
2025-10-28 01:13:05.156778,REGISTRY_CHANGE,user_49,192.168.1.99,,python,0,0,0,18,0
2025-10-28 02:04:05.156778,PROCESS_START,user_59,192.168.1.39,,mysql,0,0,0,16,0
2025-10-28 02:27:05.156778,LOGOUT,user_83,192.168.1.45,,mysql,0,2501,0,8,0
2025-10-28 02:38:05.156778,LOGIN,user_12,192.168.1.213,,firefox,3,3335,0,14,0
2025-10-28 02:48:05.156778,NETWORK_CONNECTION,user_23,192.168.1.41,,firefox,0,0,381984,8,0
2025-10-28 03:05:05.156778,NETWORK_CONNECTION,user_34,192.168.1.193,,chrome,0,0,815551,18,0
2025-10-28 04:13:05.156778,NETWORK_CONNECTION,user_53,192.168.1.114,,apache2,0,0,925120,17,0
2025-10-28 04:32:05.156778,REGISTRY_CHANGE,user_17,192.168.1.53,,python,0,0,0,12,0
2025-10-28 04:32:05.156778,LOGIN,user_82,192.168.1.3,,chrome,4,2651,0,9,0
2025-10-28 04:34:05.156778,REGISTRY_CHANGE,user_16,192.168.1.96,,chrome,0,0,0,17,0
2025-10-28 04:38:05.156778,REGISTRY_CHANGE,user_92,192.168.1.126,,mysql,0,0,0,8,0
2025-10-28 04:42:05.156778,NETWORK_CONNECTION,user_70,192.168.1.240,,firefox,0,0,565584,15,0
2025-10-28 04:47:05.156778,FILE_ACCESS,user_61,192.168.1.192,/var/log/,python,0,0,0,16,0
2025-10-28 04:49:05.156778,FILE_ACCESS,user_11,192.168.1.102,/usr/bin/,bash,0,0,0,8,0
2025-10-28 05:23:05.156778,PROCESS_START,user_68,192.168.1.41,,chrome,0,0,0,16,0
2025-10-28 05:36:05.156778,LOGIN,user_46,192.168.1.77,,firefox,5,3286,0,14,0
2025-10-28 06:07:05.156778,FILE_ACCESS,user_32,192.168.1.2,/tmp/,chrome,0,0,0,11,0
2025-10-28 07:18:05.156778,REGISTRY_CHANGE,user_24,192.168.1.208,,mysql,0,0,0,15,0
2025-10-28 07:55:05.156778,NETWORK_CONNECTION,user_5,192.168.1.166,,chrome,0,0,563151,10,0
2025-10-28 08:06:05.156778,REGISTRY_CHANGE,user_13,192.168.1.116,,chrome,0,0,0,9,0
2025-10-28 08:14:05.156778,LOGOUT,user_43,192.168.1.78,,apache2,0,3047,0,8,0
2025-10-28 11:21:05.156778,REGISTRY_CHANGE,user_17,192.168.1.231,,bash,0,0,0,8,0
2025-10-28 12:24:05.156778,LOGIN,user_31,192.168.1.98,,firefox,3,99,0,17,0
2025-10-28 17:15:05.156778,LOGOUT,user_9,192.168.1.68,,bash,0,3251,0,8,0
2025-10-28 17:29:05.156778,NETWORK_CONNECTION,user_84,192.168.1.147,,apache2,0,0,254185,17,0
2025-10-28 17:29:05.156778,LOGIN,user_1,192.168.1.137,,bash,3,2204,0,8,0
2025-10-28 17:41:05.156778,FILE_ACCESS,user_75,192.168.1.1,/tmp/,firefox,0,0,0,9,0
2025-10-28 17:46:05.156778,LOGIN,user_53,192.168.1.113,,ssh,5,3153,0,4,1
2025-10-28 17:56:05.156778,REGISTRY_CHANGE,user_90,192.168.1.148,,firefox,0,0,0,9,0
2025-10-28 18:18:05.156778,LOGIN,user_15,192.168.1.238,,ssh,2,2333,0,12,0
2025-10-28 18:19:05.156778,REGISTRY_CHANGE,user_83,192.168.1.190,,apache2,0,0,0,10,0
2025-10-28 19:26:05.156778,FILE_ACCESS,user_18,192.168.1.48,/usr/bin/,ssh,0,0,0,15,0
2025-10-28 20:20:05.156778,FILE_ACCESS,user_78,192.168.1.155,/etc/,python,0,0,0,8,0
2025-10-28 21:37:05.156778,FILE_ACCESS,user_31,192.168.1.85,/usr/bin/,apache2,0,0,0,8,0
2025-10-28 21:42:05.156778,NETWORK_CONNECTION,user_91,192.168.1.216,,bash,0,0,32459,10,0
2025-10-28 22:44:05.156778,PROCESS_START,user_1,192.168.1.196,,mysql,0,0,0,8,0
2025-10-28 23:58:05.156778,NETWORK_CONNECTION,user_11,192.168.1.154,,bash,0,0,262629,4,1
2025-10-29 00:13:05.156778,LOGIN,user_47,192.168.1.142,,apache2,5,363,0,15,0
2025-10-29 00:18:05.156778,PROCESS_START,user_95,192.168.1.119,,mysql,0,0,0,8,0
2025-10-29 00:35:05.156778,NETWORK_CONNECTION,user_2,192.168.1.52,,apache2,0,0,35341,16,0
2025-10-29 03:10:05.156778,FILE_ACCESS,user_100,192.168.1.205,/var/log/,firefox,0,0,0,13,0
2025-10-29 04:04:05.156778,PROCESS_START,user_20,192.168.1.157,,ssh,0,0,0,14,0
2025-10-29 04:12:05.156778,PROCESS_START,user_19,192.168.1.60,,mysql,0,0,0,12,0
2025-10-29 05:16:05.156778,PROCESS_START,user_1,192.168.1.156,,bash,0,0,0,11,0
2025-10-29 05:42:05.156778,PROCESS_START,user_50,192.168.1.234,,firefox,0,0,0,12,0
2025-10-29 07:53:05.156778,NETWORK_CONNECTION,user_55,192.168.1.180,,bash,0,0,646072,18,0
2025-10-29 08:58:05.156778,REGISTRY_CHANGE,user_7,192.168.1.46,,python,0,0,0,16,0
2025-10-29 10:12:05.156778,FILE_ACCESS,user_44,192.168.1.243,/etc/,bash,0,0,0,16,0
2025-10-29 10:26:05.156778,LOGOUT,user_25,192.168.1.204,,chrome,0,2189,0,17,0
2025-10-29 10:56:05.156778,LOGOUT,user_79,192.168.1.12,,mysql,0,1886,0,18,0
2025-10-29 11:14:05.156778,NETWORK_CONNECTION,user_54,192.168.1.251,,python,0,0,359613,11,0
2025-10-29 11:30:05.156778,REGISTRY_CHANGE,user_54,192.168.1.212,,python,0,0,0,9,0
2025-10-29 13:15:05.156778,REGISTRY_CHANGE,user_44,192.168.1.4,,python,0,0,0,15,0
2025-10-29 14:44:05.156778,PROCESS_START,user_69,192.168.1.126,,chrome,0,0,0,12,0
2025-10-29 16:23:05.156778,LOGIN,user_6,192.168.1.220,,python,3,1578,0,11,0
2025-10-29 18:04:05.156778,NETWORK_CONNECTION,user_8,192.168.1.117,,bash,0,0,60641,14,0
2025-10-29 18:07:05.156778,LOGIN,user_51,192.168.1.94,,chrome,5,2812,0,18,0
2025-10-29 18:09:05.156778,NETWORK_CONNECTION,user_100,192.168.1.189,,bash,0,0,300541,9,0
2025-10-29 18:33:05.156778,FILE_ACCESS,user_22,192.168.1.186,/usr/bin/,bash,0,0,0,15,0
2025-10-29 19:29:05.156778,PROCESS_START,user_21,192.168.1.97,,mysql,0,0,0,8,0
2025-10-29 21:55:05.156778,LOGIN,user_13,192.168.1.43,,ssh,1,873,0,16,0
2025-10-29 22:29:05.156778,REGISTRY_CHANGE,user_13,192.168.1.35,,mysql,0,0,0,14,0
2025-10-29 22:41:05.156778,LOGIN,user_85,192.168.1.223,,apache2,5,1491,0,14,0
2025-10-29 23:25:05.156778,LOGOUT,user_9,192.168.1.80,,chrome,0,3496,0,14,0
2025-10-29 23:33:05.156778,REGISTRY_CHANGE,user_99,192.168.1.126,,bash,0,0,0,14,0
2025-10-30 00:54:05.156778,LOGOUT,user_11,192.168.1.62,,chrome,0,994,0,15,0
2025-10-30 01:07:05.156778,PROCESS_START,user_87,192.168.1.252,,apache2,0,0,0,9,0
2025-10-30 01:33:05.156778,REGISTRY_CHANGE,user_34,192.168.1.43,,chrome,0,0,0,12,0
2025-10-30 01:56:05.156778,NETWORK_CONNECTION,user_16,192.168.1.64,,bash,0,0,580928,13,0
2025-10-30 02:08:05.156778,PROCESS_START,user_66,192.168.1.49,,chrome,0,0,0,12,0
2025-10-30 04:01:05.156778,LOGIN,user_13,192.168.1.186,,apache2,5,2700,0,14,0
2025-10-30 04:16:05.156778,REGISTRY_CHANGE,user_81,192.168.1.128,,apache2,0,0,0,10,0
2025-10-30 04:58:05.156778,NETWORK_CONNECTION,user_15,192.168.1.175,,ssh,0,0,942653,17,0
2025-10-30 05:22:05.156778,REGISTRY_CHANGE,user_79,192.168.1.224,,apache2,0,0,0,11,0
2025-10-30 06:00:05.156778,NETWORK_CONNECTION,user_81,192.168.1.62,,apache2,0,0,285013,9,0
2025-10-30 06:45:05.156778,FILE_ACCESS,user_90,192.168.1.28,/etc/,chrome,0,0,0,3,1
2025-10-30 07:09:05.156778,LOGIN,user_1,192.168.1.80,,chrome,1,1375,0,18,0
2025-10-30 07:38:05.156778,FILE_ACCESS,user_34,192.168.1.53,/var/log/,mysql,0,0,0,13,0
2025-10-30 07:59:05.156778,REGISTRY_CHANGE,user_90,192.168.1.159,,python,0,0,0,18,0
2025-10-30 08:13:05.156778,LOGOUT,user_45,192.168.1.74,,chrome,0,1964,0,8,0
2025-10-30 08:22:05.156778,REGISTRY_CHANGE,user_82,192.168.1.137,,bash,0,0,0,13,0
2025-10-30 09:16:05.156778,PROCESS_START,user_4,192.168.1.45,,apache2,0,0,0,11,0
2025-10-30 09:40:05.156778,LOGOUT,user_90,192.168.1.54,,firefox,0,2586,0,9,0
2025-10-30 10:18:05.156778,REGISTRY_CHANGE,user_91,192.168.1.202,,chrome,0,0,0,5,1
2025-10-30 10:29:05.156778,PROCESS_START,user_80,192.168.1.91,,python,0,0,0,17,0
2025-10-30 10:51:05.156778,NETWORK_CONNECTION,user_62,192.168.1.241,,python,0,0,902294,16,0
2025-10-30 10:56:05.156778,LOGOUT,user_81,192.168.1.255,,chrome,0,2931,0,8,0
2025-10-30 11:14:05.156778,LOGIN,user_96,192.168.1.17,,bash,1,1861,0,13,0
2025-10-30 14:22:05.156778,LOGIN,user_62,192.168.1.186,,bash,3,1073,0,12,0
2025-10-30 15:18:05.156778,LOGOUT,user_54,192.168.1.126,,ssh,0,189,0,10,0
2025-10-30 16:31:05.156778,FILE_ACCESS,user_55,192.168.1.191,/tmp/,mysql,0,0,0,13,0
2025-10-30 16:53:05.156778,FILE_ACCESS,user_50,192.168.1.158,/var/log/,firefox,0,0,0,11,0
2025-10-30 16:55:05.156778,REGISTRY_CHANGE,user_46,192.168.1.245,,mysql,0,0,0,17,0
2025-10-30 17:35:05.156778,REGISTRY_CHANGE,user_69,192.168.1.231,,chrome,0,0,0,17,0
2025-10-30 18:20:05.156778,REGISTRY_CHANGE,user_30,192.168.1.129,,ssh,0,0,0,18,0
2025-10-30 19:28:05.156778,NETWORK_CONNECTION,user_41,192.168.1.161,,ssh,0,0,647553,15,0
2025-10-30 20:34:05.156778,FILE_ACCESS,user_11,192.168.1.216,/var/log/,apache2,0,0,0,12,0
2025-10-30 21:19:05.156778,FILE_ACCESS,user_24,192.168.1.250,/var/log/,apache2,0,0,0,18,0
2025-10-30 21:55:05.156778,REGISTRY_CHANGE,user_24,192.168.1.50,,firefox,0,0,0,15,0
2025-10-30 23:43:05.156778,REGISTRY_CHANGE,user_28,192.168.1.196,,bash,0,0,0,17,0
2025-10-30 23:45:05.156778,LOGOUT,user_50,192.168.1.117,,bash,0,3050,0,16,0
2025-10-31 00:53:05.156778,FILE_ACCESS,user_72,192.168.1.179,/usr/bin/,firefox,0,0,0,9,0
2025-10-31 01:05:05.156778,LOGOUT,user_42,192.168.1.251,,mysql,0,3524,0,12,0
2025-10-31 03:43:05.156778,LOGIN,user_46,192.168.1.209,,chrome,2,3050,0,17,0
2025-10-31 05:45:05.156778,NETWORK_CONNECTION,user_33,192.168.1.10,,mysql,0,0,904117,11,0
2025-10-31 06:02:05.156778,PROCESS_START,user_64,192.168.1.228,,mysql,0,0,0,16,0
2025-10-31 06:23:05.156778,FILE_ACCESS,user_42,192.168.1.188,/usr/bin/,apache2,0,0,0,17,0
2025-10-31 06:30:05.156778,FILE_ACCESS,user_33,192.168.1.49,/etc/passwd,bash,0,0,0,9,1
2025-10-31 07:19:05.156778,REGISTRY_CHANGE,user_46,192.168.1.16,,chrome,0,0,0,11,0
2025-10-31 07:25:05.156778,LOGOUT,user_83,192.168.1.39,,ssh,0,689,0,10,0
2025-10-31 08:18:05.156778,LOGIN,user_76,192.168.1.109,,bash,5,118,0,3,1
2025-10-31 08:35:05.156778,LOGOUT,user_88,192.168.1.197,,python,0,3277,0,15,0
2025-10-31 09:10:05.156778,PROCESS_START,user_47,192.168.1.9,,firefox,0,0,0,17,0
2025-10-31 09:23:05.156778,REGISTRY_CHANGE,user_23,192.168.1.196,,bash,0,0,0,9,0
2025-10-31 09:27:05.156778,PROCESS_START,user_97,192.168.1.67,,firefox,0,0,0,17,0
2025-10-31 10:27:05.156778,FILE_ACCESS,user_80,192.168.1.161,/home/user/documents/,apache2,0,0,0,11,0
2025-10-31 10:47:05.156778,PROCESS_START,user_26,192.168.1.147,,chrome,0,0,0,10,0
2025-10-31 10:58:05.156778,FILE_ACCESS,user_92,192.168.1.189,/var/log/,apache2,0,0,0,18,0
2025-10-31 12:59:05.156778,LOGIN,user_38,192.168.1.172,,firefox,5,2005,0,9,0
2025-10-31 13:21:05.156778,FILE_ACCESS,user_99,192.168.1.2,/etc/,python,0,0,0,13,0
2025-10-31 13:28:05.156778,LOGIN,user_59,192.168.1.23,,chrome,4,3552,0,13,0
2025-10-31 13:37:05.156778,REGISTRY_CHANGE,user_33,192.168.1.93,,ssh,0,0,0,15,0
2025-10-31 13:54:05.156778,REGISTRY_CHANGE,user_49,192.168.1.104,,python,0,0,0,9,0
2025-10-31 14:06:05.156778,NETWORK_CONNECTION,user_8,192.168.1.23,,apache2,0,0,673970,10,0
2025-10-31 14:24:05.156778,LOGIN,user_40,192.168.1.7,,mysql,1,1346,0,11,0
2025-10-31 14:34:05.156778,REGISTRY_CHANGE,user_97,192.168.1.206,,ssh,0,0,0,15,0
2025-10-31 16:22:05.156778,LOGOUT,user_12,192.168.1.106,,bash,0,1949,0,15,0
2025-10-31 17:01:05.156778,FILE_ACCESS,user_90,192.168.1.242,/home/user/documents/,chrome,0,0,0,15,0
2025-10-31 17:12:05.156778,FILE_ACCESS,user_19,192.168.1.32,/root/.ssh/,bash,0,0,0,18,1
2025-10-31 17:58:05.156778,LOGIN,user_77,192.168.1.154,,mysql,4,1598,0,14,0
2025-10-31 18:15:05.156778,LOGIN,user_50,192.168.1.170,,firefox,3,2002,0,14,0
2025-10-31 18:19:05.156778,LOGIN,user_92,192.168.1.217,,ssh,2,1127,0,9,0
2025-10-31 19:39:05.156778,REGISTRY_CHANGE,user_92,192.168.1.125,,ssh,0,0,0,12,0
2025-10-31 21:21:05.156778,FILE_ACCESS,user_12,192.168.1.203,/usr/bin/,ssh,0,0,0,12,0
2025-10-31 21:37:05.156778,NETWORK_CONNECTION,user_23,192.168.1.95,,mysql,0,0,605811,15,0
2025-10-31 22:10:05.156778,NETWORK_CONNECTION,user_78,192.168.1.153,,python,0,0,472498,11,0
2025-10-31 22:57:05.156778,REGISTRY_CHANGE,user_9,192.168.1.144,,mysql,0,0,0,11,0
2025-10-31 22:58:05.156778,NETWORK_CONNECTION,user_87,192.168.1.207,,mysql,0,0,856213,8,0
2025-10-31 23:19:05.156778,PROCESS_START,user_45,192.168.1.89,,bash,0,0,0,12,0
2025-11-01 00:27:05.156778,PROCESS_START,user_77,192.168.1.122,,ssh,0,0,0,13,0
2025-11-01 01:38:05.156778,LOGOUT,user_92,192.168.1.167,,python,0,2423,0,14,0
2025-11-01 01:44:05.156778,REGISTRY_CHANGE,user_2,192.168.1.30,,firefox,0,0,0,15,0
2025-11-01 02:39:05.156778,LOGOUT,user_59,192.168.1.192,,chrome,0,1235,0,8,0
2025-11-01 02:46:05.156778,NETWORK_CONNECTION,user_75,192.168.1.147,,mysql,0,0,920201,14,0
2025-11-01 04:20:05.156778,FILE_ACCESS,user_8,192.168.1.162,/usr/bin/,ssh,0,0,0,10,0
2025-11-01 05:11:05.156778,REGISTRY_CHANGE,user_82,192.168.1.253,,apache2,0,0,0,18,0
2025-11-01 06:00:05.156778,REGISTRY_CHANGE,user_57,192.168.1.87,,apache2,0,0,0,15,0
2025-11-01 06:17:05.156778,REGISTRY_CHANGE,user_20,192.168.1.42,,python,0,0,0,10,0
2025-11-01 07:29:05.156778,PROCESS_START,user_75,192.168.1.195,,bash,0,0,0,9,0
2025-11-01 07:41:05.156778,NETWORK_CONNECTION,user_35,192.168.1.12,,bash,0,0,590982,18,0
2025-11-01 07:58:05.156778,PROCESS_START,user_30,192.168.1.153,,mysql,0,0,0,18,0
2025-11-01 08:12:05.156778,LOGOUT,user_40,192.168.1.44,,mysql,0,1190,0,11,0
2025-11-01 09:45:05.156778,LOGIN,user_36,192.168.1.35,,python,2,3124,0,15,0
2025-11-01 10:01:05.156778,PROCESS_START,user_4,192.168.1.214,,firefox,0,0,0,13,0
2025-11-01 11:23:05.156778,LOGOUT,user_49,192.168.1.168,,bash,0,1040,0,17,0
2025-11-01 11:30:05.156778,PROCESS_START,user_25,192.168.1.93,,bash,0,0,0,9,0
2025-11-01 11:40:05.156778,NETWORK_CONNECTION,user_60,192.168.1.197,,bash,0,0,439097,14,0
2025-11-01 11:56:05.156778,PROCESS_START,user_20,192.168.1.25,,mysql,0,0,0,3,1
2025-11-01 12:20:05.156778,PROCESS_START,user_61,192.168.1.63,,ssh,0,0,0,14,0
2025-11-01 13:01:05.156778,REGISTRY_CHANGE,user_25,192.168.1.83,,ssh,0,0,0,16,0
2025-11-01 13:32:05.156778,FILE_ACCESS,user_80,192.168.1.164,/root/.ssh/,firefox,0,0,0,17,1
2025-11-01 14:10:05.156778,LOGIN,user_35,192.168.1.199,,chrome,1,3122,0,13,0
2025-11-01 14:22:05.156778,LOGOUT,user_55,192.168.1.249,,python,0,2230,0,17,0
2025-11-01 14:31:05.156778,NETWORK_CONNECTION,user_12,192.168.1.220,,python,0,0,781539,13,0
2025-11-01 15:47:05.156778,NETWORK_CONNECTION,user_15,192.168.1.152,,ssh,0,0,862053,13,0
2025-11-01 16:33:05.156778,FILE_ACCESS,user_89,192.168.1.114,/tmp/,chrome,0,0,0,17,0
2025-11-01 18:28:05.156778,REGISTRY_CHANGE,user_73,192.168.1.58,,bash,0,0,0,18,0
2025-11-01 20:33:05.156778,LOGOUT,user_94,192.168.1.209,,bash,0,1328,0,14,0
2025-11-01 20:57:05.156778,PROCESS_START,user_6,192.168.1.159,,bash,0,0,0,18,0
2025-11-01 21:14:05.156778,REGISTRY_CHANGE,user_70,192.168.1.16,,bash,0,0,0,8,0
2025-11-01 21:25:05.156778,LOGOUT,user_10,192.168.1.10,,python,0,2542,0,15,0
2025-11-01 21:43:05.156778,FILE_ACCESS,user_79,192.168.1.14,/home/user/documents/,python,0,0,0,16,0
2025-11-02 03:59:05.156778,PROCESS_START,user_92,192.168.1.84,,mysql,0,0,0,17,0
2025-11-02 04:15:05.156778,LOGIN,user_90,192.168.1.218,,mysql,3,2494,0,16,0
2025-11-02 05:35:05.156778,LOGOUT,user_32,192.168.1.13,,firefox,0,963,0,16,0
2025-11-02 05:42:05.156778,PROCESS_START,user_85,192.168.1.126,,python,0,0,0,15,0
2025-11-02 05:58:05.156778,PROCESS_START,user_12,192.168.1.37,,mysql,0,0,0,15,0
2025-11-02 07:17:05.156778,PROCESS_START,user_95,192.168.1.155,,python,0,0,0,11,0
2025-11-02 07:54:05.156778,LOGOUT,user_49,192.168.1.79,,apache2,0,2995,0,12,0
2025-11-02 08:36:05.156778,PROCESS_START,user_77,192.168.1.73,,apache2,0,0,0,11,0
2025-11-02 09:55:05.156778,LOGOUT,user_83,192.168.1.214,,apache2,0,2359,0,11,0
2025-11-02 10:52:05.156778,REGISTRY_CHANGE,user_23,192.168.1.161,,ssh,0,0,0,16,0
2025-11-02 11:27:05.156778,NETWORK_CONNECTION,user_50,192.168.1.2,,chrome,0,0,738045,11,0
2025-11-02 11:37:05.156778,LOGOUT,user_18,192.168.1.162,,ssh,0,691,0,17,0
2025-11-02 12:16:05.156778,LOGOUT,user_63,192.168.1.100,,python,0,2197,0,16,0
2025-11-02 12:43:05.156778,REGISTRY_CHANGE,user_90,192.168.1.136,,mysql,0,0,0,15,0
2025-11-02 13:10:05.156778,PROCESS_START,user_37,192.168.1.77,,mysql,0,0,0,15,0
2025-11-02 13:13:05.156778,NETWORK_CONNECTION,user_38,192.168.1.9,,ssh,0,0,720875,12,0
2025-11-02 14:29:05.156778,PROCESS_START,user_29,192.168.1.17,,chrome,0,0,0,14,0
2025-11-02 14:33:05.156778,REGISTRY_CHANGE,user_11,192.168.1.80,,chrome,0,0,0,18,0
2025-11-02 14:39:05.156778,PROCESS_START,user_65,192.168.1.24,,apache2,0,0,0,12,0
2025-11-02 16:03:05.156778,NETWORK_CONNECTION,user_42,192.168.1.127,,apache2,0,0,856821,8,0
2025-11-02 16:13:05.156778,NETWORK_CONNECTION,user_45,192.168.1.187,,bash,0,0,121363,14,0
2025-11-02 16:34:05.156778,LOGIN,user_100,192.168.1.239,,python,5,2263,0,18,0
2025-11-02 16:40:05.156778,NETWORK_CONNECTION,user_79,192.168.1.101,,chrome,0,0,480201,13,0
2025-11-02 16:48:05.156778,PROCESS_START,user_12,192.168.1.48,,firefox,0,0,0,15,0
2025-11-02 18:45:05.156778,REGISTRY_CHANGE,user_47,192.168.1.149,,firefox,0,0,0,14,0
2025-11-02 19:26:05.156778,PROCESS_START,user_67,192.168.1.179,,mysql,0,0,0,10,0
2025-11-02 20:25:05.156778,FILE_ACCESS,user_73,192.168.1.201,/root/.ssh/,ssh,0,0,0,11,1
2025-11-02 21:47:05.156778,LOGOUT,user_3,192.168.1.135,,apache2,0,3313,0,13,0
2025-11-02 22:35:05.156778,FILE_ACCESS,user_79,192.168.1.57,/tmp/,apache2,0,0,0,9,0
2025-11-02 22:40:05.156778,PROCESS_START,user_52,192.168.1.129,,chrome,0,0,0,4,1
2025-11-02 23:31:05.156778,LOGOUT,user_63,192.168.1.57,,python,0,1386,0,15,0
2025-11-02 23:33:05.156778,FILE_ACCESS,user_43,192.168.1.236,/tmp/,apache2,0,0,0,9,0
2025-11-02 23:35:05.156778,LOGIN,user_28,192.168.1.214,,firefox,2,1467,0,10,0
2025-11-03 00:34:05.156778,LOGIN,user_65,192.168.1.226,,ssh,5,2645,0,10,0
2025-11-03 00:34:05.156778,PROCESS_START,user_82,192.168.1.78,,firefox,0,0,0,16,0
2025-11-03 01:24:05.156778,PROCESS_START,user_6,192.168.1.224,,apache2,0,0,0,17,0
2025-11-03 04:16:05.156778,FILE_ACCESS,user_100,192.168.1.241,/etc/,apache2,0,0,0,18,0
2025-11-03 05:48:05.156778,REGISTRY_CHANGE,user_89,192.168.1.69,,mysql,0,0,0,4,1
2025-11-03 06:29:05.156778,REGISTRY_CHANGE,user_13,192.168.1.243,,mysql,0,0,0,18,0
2025-11-03 09:08:05.156778,LOGIN,user_81,192.168.1.212,,ssh,5,975,0,13,0
2025-11-03 09:24:05.156778,PROCESS_START,user_8,192.168.1.80,,ssh,0,0,0,18,0
2025-11-03 09:25:05.156778,PROCESS_START,user_52,192.168.1.218,,mysql,0,0,0,9,0
2025-11-03 09:37:05.156778,PROCESS_START,user_74,192.168.1.204,,bash,0,0,0,18,0
2025-11-03 10:15:05.156778,FILE_ACCESS,user_21,192.168.1.101,/usr/bin/,mysql,0,0,0,12,0
2025-11-03 10:24:05.156778,REGISTRY_CHANGE,user_88,192.168.1.70,,python,0,0,0,16,0
2025-11-03 10:27:05.156778,FILE_ACCESS,user_70,192.168.1.114,/tmp/,firefox,0,0,0,8,0
2025-11-03 10:56:05.156778,FILE_ACCESS,user_32,192.168.1.246,/root/.ssh/,chrome,0,0,0,15,1
2025-11-03 12:05:05.156778,PROCESS_START,user_5,192.168.1.225,,ssh,0,0,0,16,0
2025-11-03 12:09:05.156778,FILE_ACCESS,user_31,192.168.1.147,/home/user/documents/,bash,0,0,0,18,0
2025-11-03 14:28:05.156778,FILE_ACCESS,user_68,192.168.1.11,/home/user/documents/,apache2,0,0,0,12,0
2025-11-03 14:56:05.156778,LOGOUT,user_87,192.168.1.181,,ssh,0,2762,0,17,0
2025-11-03 15:40:05.156778,LOGOUT,user_77,192.168.1.97,,chrome,0,688,0,10,0
2025-11-03 15:54:05.156778,PROCESS_START,user_88,192.168.1.178,,firefox,0,0,0,14,0
2025-11-03 16:18:05.156778,FILE_ACCESS,user_32,192.168.1.183,/var/log/,python,0,0,0,12,0
2025-11-03 18:02:05.156778,LOGOUT,user_42,192.168.1.185,,apache2,0,2156,0,16,0
2025-11-03 18:33:05.156778,FILE_ACCESS,user_64,192.168.1.230,/etc/,python,0,0,0,17,0
2025-11-03 19:05:05.156778,PROCESS_START,user_13,192.168.1.19,,apache2,0,0,0,16,0
2025-11-03 20:41:05.156778,NETWORK_CONNECTION,user_81,192.168.1.114,,bash,0,0,137477,11,0
2025-11-03 20:49:05.156778,NETWORK_CONNECTION,user_25,192.168.1.83,,apache2,0,0,107341,2,1
2025-11-03 20:53:05.156778,NETWORK_CONNECTION,user_9,192.168.1.29,,bash,0,0,17333,15,0
2025-11-03 21:02:05.156778,PROCESS_START,user_66,192.168.1.27,,mysql,0,0,0,13,0
2025-11-03 21:09:05.156778,PROCESS_START,user_67,192.168.1.201,,apache2,0,0,0,14,0
2025-11-03 22:09:05.156778,REGISTRY_CHANGE,user_76,192.168.1.66,,ssh,0,0,0,2,1
2025-11-04 00:52:05.156778,REGISTRY_CHANGE,user_27,192.168.1.71,,firefox,0,0,0,9,0
2025-11-04 01:42:05.156778,LOGOUT,user_77,192.168.1.67,,python,0,2288,0,9,0
2025-11-04 01:46:05.156778,LOGIN,user_38,192.168.1.107,,python,3,1730,0,16,0
2025-11-04 02:30:05.156778,NETWORK_CONNECTION,user_60,192.168.1.194,,firefox,0,0,969145,17,0
2025-11-04 03:15:05.156778,PROCESS_START,user_47,192.168.1.148,,firefox,0,0,0,9,0
2025-11-04 03:56:05.156778,LOGIN,user_77,192.168.1.122,,bash,2,2964,0,18,0
2025-11-04 04:09:05.156778,REGISTRY_CHANGE,user_90,192.168.1.115,,chrome,0,0,0,12,0
2025-11-04 04:12:05.156778,LOGOUT,user_88,192.168.1.109,,chrome,0,2888,0,11,0
2025-11-04 05:04:05.156778,REGISTRY_CHANGE,user_11,192.168.1.150,,ssh,0,0,0,9,0
2025-11-04 05:27:05.156778,LOGIN,user_25,192.168.1.75,,python,2,1740,0,12,0
2025-11-04 05:28:05.156778,REGISTRY_CHANGE,user_85,192.168.1.246,,chrome,0,0,0,18,0
2025-11-04 06:52:05.156778,PROCESS_START,user_74,192.168.1.62,,ssh,0,0,0,12,0
2025-11-04 07:08:05.156778,NETWORK_CONNECTION,user_7,192.168.1.79,,bash,0,0,156946,13,0
2025-11-04 07:55:05.156778,NETWORK_CONNECTION,user_42,192.168.1.4,,ssh,0,0,415135,12,0
2025-11-04 08:12:05.156778,LOGIN,user_12,192.168.1.192,,python,3,654,0,14,0
2025-11-04 08:17:05.156778,NETWORK_CONNECTION,user_93,192.168.1.83,,apache2,0,0,393382,17,0
2025-11-04 08:23:05.156778,FILE_ACCESS,user_31,192.168.1.65,/tmp/,ssh,0,0,0,14,0
2025-11-04 08:50:05.156778,REGISTRY_CHANGE,user_13,192.168.1.114,,ssh,0,0,0,12,0
2025-11-04 09:00:05.156778,LOGOUT,user_95,192.168.1.100,,ssh,0,1272,0,9,0
2025-11-04 09:32:05.156778,PROCESS_START,user_75,192.168.1.242,,bash,0,0,0,15,0
2025-11-04 09:58:05.156778,NETWORK_CONNECTION,user_12,192.168.1.121,,firefox,0,0,109780,13,0
2025-11-04 11:09:05.156778,LOGIN,user_12,192.168.1.211,,ssh,1,1087,0,17,0
2025-11-04 14:04:05.156778,FILE_ACCESS,user_14,192.168.1.173,/usr/bin/,bash,0,0,0,8,0
2025-11-04 14:16:05.156778,NETWORK_CONNECTION,user_55,192.168.1.132,,apache2,0,0,147542,14,0
2025-11-04 14:29:05.156778,LOGIN,user_47,192.168.1.143,,chrome,1,3383,0,14,0
2025-11-04 15:02:05.156778,LOGIN,user_4,192.168.1.190,,firefox,1,2781,0,11,0
2025-11-04 15:40:05.156778,REGISTRY_CHANGE,user_72,192.168.1.57,,chrome,0,0,0,8,0
2025-11-04 16:20:05.156778,LOGOUT,user_89,192.168.1.73,,mysql,0,2085,0,9,0
2025-11-04 19:16:05.156778,REGISTRY_CHANGE,user_34,192.168.1.157,,bash,0,0,0,11,0
2025-11-04 19:18:05.156778,LOGIN,user_8,192.168.1.123,,python,4,311,0,14,0
2025-11-04 20:45:05.156778,LOGIN,user_79,192.168.1.153,,bash,1,1852,0,15,0
2025-11-04 21:09:05.156778,REGISTRY_CHANGE,user_83,192.168.1.103,,ssh,0,0,0,13,0
2025-11-04 21:18:05.156778,FILE_ACCESS,user_47,192.168.1.99,/usr/bin/,apache2,0,0,0,8,0
2025-11-04 21:39:05.156778,NETWORK_CONNECTION,user_14,192.168.1.37,,bash,0,0,674688,14,0
2025-11-04 22:06:05.156778,LOGIN,user_99,192.168.1.23,,firefox,1,727,0,11,0
2025-11-04 22:08:05.156778,PROCESS_START,user_19,192.168.1.42,,apache2,0,0,0,17,0
2025-11-04 22:12:05.156778,NETWORK_CONNECTION,user_49,192.168.1.57,,bash,0,0,801776,14,0
2025-11-04 22:14:05.156778,REGISTRY_CHANGE,user_55,192.168.1.131,,apache2,0,0,0,13,0
2025-11-04 22:19:05.156778,NETWORK_CONNECTION,user_12,192.168.1.185,,firefox,0,0,573049,10,0
2025-11-04 22:59:05.156778,LOGIN,user_58,192.168.1.217,,ssh,3,1554,0,16,0
2025-11-04 23:26:05.156778,PROCESS_START,user_50,192.168.1.61,,python,0,0,0,12,0
2025-11-04 23:34:05.156778,REGISTRY_CHANGE,user_38,192.168.1.122,,chrome,0,0,0,17,0
2025-11-05 00:26:05.156778,LOGIN,user_78,192.168.1.163,,python,4,1115,0,11,0
2025-11-05 01:38:05.156778,PROCESS_START,user_23,192.168.1.251,,firefox,0,0,0,13,0
2025-11-05 01:56:05.156778,NETWORK_CONNECTION,user_30,192.168.1.251,,python,0,0,908977,9,0
2025-11-05 02:07:05.156778,FILE_ACCESS,user_24,192.168.1.219,/var/log/,apache2,0,0,0,15,0
2025-11-05 02:41:05.156778,LOGOUT,user_65,192.168.1.139,,chrome,0,1452,0,13,0
2025-11-05 03:10:05.156778,LOGIN,user_49,192.168.1.225,,ssh,5,206,0,16,0
2025-11-05 06:16:05.156778,LOGIN,user_14,192.168.1.104,,ssh,1,3253,0,16,0
2025-11-05 06:21:05.156778,REGISTRY_CHANGE,user_13,192.168.1.16,,apache2,0,0,0,13,0
2025-11-05 06:33:05.156778,LOGOUT,user_78,192.168.1.228,,mysql,0,851,0,8,0
2025-11-05 06:47:05.156778,REGISTRY_CHANGE,user_67,192.168.1.118,,firefox,0,0,0,16,0
2025-11-05 06:55:05.156778,PROCESS_START,user_2,192.168.1.171,,apache2,0,0,0,12,0
2025-11-05 07:14:05.156778,REGISTRY_CHANGE,user_61,192.168.1.74,,apache2,0,0,0,9,0
2025-11-05 07:36:05.156778,FILE_ACCESS,user_33,192.168.1.22,/var/log/,ssh,0,0,0,18,0
2025-11-05 07:43:05.156778,FILE_ACCESS,user_60,192.168.1.114,/usr/bin/,python,0,0,0,11,0
2025-11-05 07:49:05.156778,NETWORK_CONNECTION,user_74,192.168.1.156,,python,0,0,150940,10,0
2025-11-05 08:31:05.156778,NETWORK_CONNECTION,user_51,192.168.1.227,,mysql,0,0,146513,15,0
2025-11-05 09:01:05.156778,LOGOUT,user_90,192.168.1.222,,chrome,0,1023,0,10,0
2025-11-05 09:20:05.156778,PROCESS_START,user_37,192.168.1.183,,firefox,0,0,0,8,0
2025-11-05 09:29:05.156778,FILE_ACCESS,user_95,192.168.1.160,/usr/bin/,bash,0,0,0,3,1
2025-11-05 11:26:05.156778,LOGIN,user_23,192.168.1.238,,bash,2,3091,0,8,0
2025-11-05 11:34:05.156778,NETWORK_CONNECTION,user_36,192.168.1.3,,bash,0,0,781469,18,0
